,Starters,MP,FG,FGA,FG%,3P,3PA,3P%,FT,FTA,FT%,ORB,DRB,TRB,AST,STL,BLK,TOV,PF,PTS,+/-,GAMEID,MIN,SEC,TT,TTSHARE,PTSSHARE,PPM,PPM_ZSCORE,EPTS,EPTS_ZSCORE,EPTS_DIFF,PTSCAP,PTSCAP_SHARE
0,Giannis Antetokounmpo,36:26,21,39,.538,2,8,.250,10,15,.667,4,15,19,2,0,0,3,2,54,+10,202302020MILMIL,36,26,36.43333333333333,0.15180555555555553,0.5094339622641509,1.482159194876487,2.4607991946309906,16.091388888888886,1.374243943252058,-37.908611111111114,1967.3999999999999,0.5881995345986536
1,Jrue Holiday,34:13,4,15,.267,2,6,.333,2,2,1.000,0,4,4,8,0,0,3,4,12,-11,202302020MILMIL,34,13,34.21666666666667,0.14256944444444444,0.11320754716981132,0.35070628348757915,-0.007011885574784289,15.112361111111111,1.2163297108196136,3.1123611111111114,410.6,0.12275832515309912
2,Pat Connaughton,31:49,3,5,.600,1,3,.333,1,1,1.000,1,9,10,0,1,0,1,0,8,-1,202302020MILMIL,31,49,31.816666666666666,0.13256944444444443,0.07547169811320754,0.25144054478784705,-0.22352031237913075,14.05236111111111,1.0453549027724556,6.052361111111111,254.53333333333333,0.07609860130451898
3,Grayson Allen,24:01,1,3,.333,1,3,.333,1,2,.500,0,2,2,0,0,0,0,4,4,-4,202302020MILMIL,24,1,24.016666666666666,0.10006944444444443,0.03773584905660377,0.16655100624566274,-0.40867282000827976,10.60736111111111,0.48968677661919174,6.607361111111111,96.06666666666666,0.028721342189578798
4,Brook Lopez,23:22,3,5,.600,0,2,.000,0,0,,2,3,5,0,0,0,1,2,6,-32,202302020MILMIL,23,22,23.366666666666667,0.0973611111111111,0.05660377358490566,0.25677603423680456,-0.211883080420184,10.320277777777777,0.4433810994397531,4.320277777777777,140.2,0.041916018476533104
6,Joe Ingles,27:16,1,3,.333,1,3,.333,0,0,,0,2,2,3,0,0,1,1,3,+5,202302020MILMIL,27,16,27.266666666666666,0.1136111111111111,0.02830188679245283,0.11002444987775062,-0.5319628488963325,12.042777777777776,0.7212151625163847,9.042777777777776,81.8,0.024455993661771813
7,Wesley Matthews,24:49,0,4,.000,0,4,.000,3,4,.750,0,1,1,0,1,0,0,0,3,+8,202302020MILMIL,24,49,24.816666666666666,0.10340277777777776,0.02830188679245283,0.12088650100738751,-0.5082716374798762,10.960694444444442,0.5466783793015775,7.960694444444442,74.45,0.022258541908544153
8,Khris Middleton,19:59,6,14,.429,2,6,.333,2,3,.667,1,6,7,2,0,0,1,2,16,+1,202302020MILMIL,19,59,19.983333333333334,0.08326388888888889,0.1509433962264151,0.8006672226855712,0.9743975749828933,8.825972222222221,0.20235411309549547,-7.174027777777779,319.73333333333335,0.09559164270730043
9,Jevon Carter,16:48,0,2,.000,0,2,.000,0,0,,0,3,3,1,0,0,0,2,0,+23,202302020MILMIL,16,48,16.8,0.06999999999999999,0.0,0.0,-0.7719370924276482,7.419999999999999,-0.024424972578165553,7.419999999999999,0.0,0.0
10,George Hill,1:17,0,0,,0,0,,0,0,,0,0,0,0,0,0,0,0,0,+6,202302020MILMIL,1,17,1.2833333333333332,0.005347222222222221,0.0,0.0,-0.7719370924276482,0.5668055555555555,-1.1298245996052776,0.5668055555555555,0.0,0.0
11,Thanasis Antetokounmpo,0,0,0,0,0,0,0,0,0,0,0,0,0,0,0,0,0,0,0,0,202302020MILMIL,0,0,0.0,0.0,0.0,,,0.0,-1.2212486289082718,0.0,0.0,0.0
12,MarJon Beauchamp,0,0,0,0,0,0,0,0,0,0,0,0,0,0,0,0,0,0,0,0,202302020MILMIL,0,0,0.0,0.0,0.0,,,0.0,-1.2212486289082718,0.0,0.0,0.0
13,Sandro Mamukelashvili,0,0,0,0,0,0,0,0,0,0,0,0,0,0,0,0,0,0,0,0,202302020MILMIL,0,0,0.0,0.0,0.0,,,0.0,-1.2212486289082718,0.0,0.0,0.0
14,Jordan Nwora,0,0,0,0,0,0,0,0,0,0,0,0,0,0,0,0,0,0,0,0,202302020MILMIL,0,0,0.0,0.0,0.0,,,0.0,-1.2212486289082718,0.0,0.0,0.0
0,Giannis Antetokounmpo,35:58,13,19,.684,0,2,.000,9,16,.563,1,14,15,11,1,1,3,2,35,+19,202302040MILMIL,35,58,35.96666666666667,0.1498611111111111,0.2845528455284553,0.9731232622798888,1.2667018703865138,18.432916666666667,1.2705162021083094,-16.567083333333333,1258.8333333333335,0.3372552521711951
1,Jrue Holiday,34:22,6,9,.667,3,5,.600,0,0,,1,4,5,2,2,0,3,1,15,+5,202302040MILMIL,34,22,34.36666666666667,0.14319444444444446,0.12195121951219512,0.4364694471387003,-0.12249245734508896,17.612916666666667,1.1625239319569325,2.612916666666667,515.5,0.13810810207407737
2,Grayson Allen,33:23,7,11,.636,4,7,.571,1,1,1.000,2,1,3,3,2,0,0,2,19,+21,202302040MILMIL,33,23,33.38333333333333,0.13909722222222223,0.15447154471544716,0.5691462805791313,0.22095782519570722,17.108958333333334,1.0961536825930658,-1.8910416666666663,634.2833333333333,0.16993145944497778
3,Brook Lopez,33:21,4,11,.364,0,3,.000,1,4,.250,2,4,6,0,0,3,0,4,9,+6,202302040MILMIL,33,21,33.35,0.13895833333333335,0.07317073170731707,0.2698650674662669,-0.5537683612633265,17.091875,1.0939038436315789,8.091875000000002,300.15000000000003,0.0804134759215021
4,Pat Connaughton,30:36,5,10,.500,4,9,.444,0,0,,1,4,5,1,0,0,0,2,14,-2,202302040MILMIL,30,36,30.6,0.1275,0.11382113821138211,0.45751633986928103,-0.06800998992797765,15.682500000000001,0.9082921293089001,1.682500000000001,428.40000000000003,0.11477305708736131
6,Khris Middleton,20:28,9,14,.643,1,4,.250,5,5,1.000,2,5,7,4,1,0,4,1,24,+3,202302040MILMIL,20,28,20.466666666666665,0.08527777777777777,0.1951219512195122,1.1726384364820848,1.7831714089942916,10.489166666666666,0.22434108501684774,-13.510833333333334,491.19999999999993,0.1315978656426514
7,Wesley Matthews,19:07,0,2,.000,0,1,.000,1,2,.500,0,4,4,0,0,0,2,1,1,-5,202302040MILMIL,19,7,19.116666666666667,0.07965277777777778,0.008130081300813009,0.05231037489102005,-1.1169354093116346,9.797291666666666,0.13322260707662373,8.797291666666666,19.116666666666667,0.005121564600031256
8,Joe Ingles,18:34,0,6,.000,0,5,.000,0,0,,0,3,3,1,0,0,0,1,0,-8,202302040MILMIL,18,34,18.566666666666666,0.07736111111111112,0.0,0.0,-1.2523472409800633,9.515416666666667,0.09610026421208809,9.515416666666667,0.0,0.0
9,Jevon Carter,14:11,2,6,.333,2,4,.500,0,0,,1,2,3,1,0,0,0,0,6,+1,202302040MILMIL,14,11,14.183333333333334,0.059097222222222225,0.04878048780487805,0.42303172737955347,-0.15727764574842187,7.268958333333334,-0.19975355922345417,1.2689583333333339,85.1,0.022799223058203654
10,Thanasis Antetokounmpo,0,0,0,0,0,0,0,0,0,0,0,0,0,0,0,0,0,0,0,0,202302040MILMIL,0,0,0.0,0.0,0.0,,,0.0,-1.1570600373361786,0.0,0.0,0.0
11,MarJon Beauchamp,0,0,0,0,0,0,0,0,0,0,0,0,0,0,0,0,0,0,0,0,202302040MILMIL,0,0,0.0,0.0,0.0,,,0.0,-1.1570600373361786,0.0,0.0,0.0
12,George Hill,0,0,0,0,0,0,0,0,0,0,0,0,0,0,0,0,0,0,0,0,202302040MILMIL,0,0,0.0,0.0,0.0,,,0.0,-1.1570600373361786,0.0,0.0,0.0
13,Sandro Mamukelashvili,0,0,0,0,0,0,0,0,0,0,0,0,0,0,0,0,0,0,0,0,202302040MILMIL,0,0,0.0,0.0,0.0,,,0.0,-1.1570600373361786,0.0,0.0,0.0
14,Jordan Nwora,0,0,0,0,0,0,0,0,0,0,0,0,0,0,0,0,0,0,0,0,202302040MILMIL,0,0,0.0,0.0,0.0,,,0.0,-1.1570600373361786,0.0,0.0,0.0
0,Jrue Holiday,31:49,9,20,.450,2,8,.250,0,0,,0,4,4,8,0,0,1,3,20,+4,202302060PORMIL,31,49,31.816666666666666,0.13256944444444443,0.15748031496062992,0.6286013619696176,0.5170636233791275,16.83631944444444,1.3070644099370337,-3.1636805555555583,636.3333333333334,0.19983774305828164
1,Brook Lopez,31:38,9,12,.750,2,5,.400,7,9,.778,1,8,9,0,1,0,0,3,27,+17,202302060PORMIL,31,38,31.633333333333333,0.13180555555555556,0.2125984251968504,0.8535300316122234,1.2717580013625673,16.739305555555557,1.2867855544937237,-10.260694444444443,854.1,0.2682264269451205
2,Grayson Allen,25:06,1,3,.333,1,3,.333,0,0,,0,3,3,1,0,0,1,3,3,+14,202302060PORMIL,25,6,25.1,0.10458333333333333,0.023622047244094488,0.1195219123505976,-1.191030765765845,13.282083333333333,0.5641208877866465,10.282083333333333,75.30000000000001,0.023647640731726465
3,Giannis Antetokounmpo,22:53,9,14,.643,0,1,.000,6,8,.750,4,9,13,8,0,0,6,5,24,+17,202302060PORMIL,22,53,22.883333333333333,0.09534722222222222,0.1889763779527559,1.0487982520029133,1.926933832713195,12.109097222222223,0.31893109015388854,-11.890902777777777,549.2,0.17247389495171547
4,Pat Connaughton,22:19,4,7,.571,3,6,.500,0,0,,0,4,4,0,2,0,0,4,11,+14,202302060PORMIL,22,19,22.316666666666666,0.09298611111111112,0.08661417322834646,0.49290515309932786,0.06176743498840605,11.809236111111112,0.2562509915109278,0.8092361111111117,245.48333333333332,0.07709298369579438
6,Wesley Matthews,22:17,2,5,.400,2,4,.500,0,0,,1,3,4,0,0,1,0,1,6,+5,202302060PORMIL,22,17,22.283333333333335,0.09284722222222223,0.047244094488188976,0.26925953627524307,-0.6886219659979608,11.791597222222224,0.2525639268848715,5.791597222222224,133.70000000000002,0.041987909240794534
7,Khris Middleton,21:32,5,11,.455,1,3,.333,2,2,1.000,0,3,3,5,1,0,2,2,13,+12,202302060PORMIL,21,32,21.533333333333335,0.08972222222222223,0.10236220472440945,0.6037151702786377,0.43356395662502734,11.394722222222223,0.16960497279859962,-1.6052777777777774,279.93333333333334,0.08791185784198266
8,Jevon Carter,21:15,4,7,.571,3,6,.500,0,0,,1,4,5,3,0,1,0,2,11,+9,202302060PORMIL,21,15,21.25,0.08854166666666667,0.08661417322834646,0.5176470588235295,0.14478298467498227,11.244791666666668,0.1382649234771194,0.24479166666666785,233.75,0.07340818089031953
9,Joe Ingles,20:21,2,4,.500,1,3,.333,0,0,,0,4,4,2,0,0,1,0,5,+14,202302060PORMIL,20,21,20.35,0.08479166666666667,0.03937007874015748,0.24570024570024568,-0.7676695332755333,10.768541666666668,0.038714178573593466,5.768541666666668,101.75,0.031954149328727324
10,MarJon Beauchamp,13:28,2,4,.500,1,3,.333,0,0,,0,4,4,0,0,0,1,2,5,-5,202302060PORMIL,13,28,13.466666666666667,0.05611111111111111,0.03937007874015748,0.3712871287128713,-0.3462927709948952,7.126111111111111,-0.722664666707077,2.1261111111111113,67.33333333333333,0.021145743372327337
11,Sandro Mamukelashvili,3:41,0,0,,0,0,,2,2,1.000,0,1,1,0,0,0,2,0,2,-3,202302060PORMIL,3,41,3.6833333333333336,0.015347222222222224,0.015748031496062992,0.5429864253393665,0.22980317121478502,1.9490972222222225,-1.8048181344546639,-0.05090277777777752,7.366666666666667,0.0023134699432100702
12,Thanasis Antetokounmpo,3:41,0,0,,0,0,,0,0,,0,1,1,0,0,0,0,2,0,-3,202302060PORMIL,3,41,3.6833333333333336,0.015347222222222224,0.0,0.0,-1.5920579689238517,1.9490972222222225,-1.8048181344546639,1.9490972222222225,0.0,0.0
0,Jrue Holiday,36:16,8,16,.500,2,7,.286,0,0,,1,6,7,7,0,0,1,2,18,+22,202302090LALMIL,36,16,36.266666666666666,0.1511111111111111,0.1565217391304348,0.4963235294117647,0.15753261725713372,17.377777777777776,1.2248501970347798,-0.6222222222222236,652.8,0.1880762138905962
1,Giannis Antetokounmpo,35:56,14,23,.609,1,4,.250,9,13,.692,2,8,10,6,1,1,2,3,38,+8,202302090LALMIL,35,56,35.93333333333333,0.14972222222222223,0.33043478260869563,1.0575139146567718,1.8289550118875637,17.218055555555555,1.1997508077512802,-20.781944444444445,1365.4666666666665,0.39340043023970495
2,Brook Lopez,32:34,3,8,.375,1,3,.333,2,2,1.000,6,4,10,3,0,3,1,3,9,+13,202302090LALMIL,32,34,32.56666666666667,0.13569444444444448,0.0782608695652174,0.27635619242579323,-0.49760749702878226,15.604861111111115,0.9462469759879351,6.604861111111115,293.1,0.08444414566687156
3,Grayson Allen,28:19,4,11,.364,4,11,.364,0,0,,1,3,4,0,0,0,1,1,12,+6,202302090LALMIL,28,19,28.316666666666666,0.11798611111111112,0.10434782608695652,0.42377869334902885,-0.05853142588771226,13.568402777777779,0.6262297626233149,1.568402777777779,339.8,0.09789874001229258
4,Pat Connaughton,27:59,2,8,.250,1,5,.200,0,0,,2,3,5,2,2,0,1,0,5,-10,202302090LALMIL,27,59,27.983333333333334,0.11659722222222224,0.043478260869565216,0.1786777843954735,-0.7885281595102814,13.408680555555557,0.6011303733398154,8.408680555555557,139.91666666666669,0.040310963429625084
6,Khris Middleton,24:38,10,18,.556,1,6,.167,1,1,1.000,0,5,5,3,0,1,1,2,22,+4,202302090LALMIL,24,38,24.633333333333333,0.1026388888888889,0.19130434782608696,0.8930987821380244,1.3392689058293001,11.803472222222224,0.34888151104064447,-10.196527777777776,541.9333333333333,0.15613475722188078
7,Wesley Matthews,22:23,1,5,.200,0,3,.000,0,0,,2,4,6,1,1,1,0,2,2,+16,202302090LALMIL,22,23,22.383333333333333,0.0932638888888889,0.017391304347826087,0.08935219657483247,-1.0545711848763775,10.725347222222224,0.17946063337702226,8.725347222222224,44.766666666666666,0.012897587584511372
8,Jevon Carter,13:40,0,2,.000,0,2,.000,0,0,,0,0,0,2,0,1,0,3,0,-10,202302090LALMIL,13,40,13.666666666666666,0.05694444444444445,0.0,0.0,-1.3206934604734433,6.548611111111112,-0.4768883963864922,6.548611111111112,0.0,0.0
9,Sandro Mamukelashvili,12:48,2,4,.500,1,2,.500,1,2,.500,2,1,3,0,1,0,1,2,6,+4,202302090LALMIL,12,48,12.8,0.053333333333333344,0.05217391304347826,0.46875,0.07540894627210164,6.133333333333335,-0.5421468085235911,0.13333333333333464,76.80000000000001,0.022126613398893675
10,MarJon Beauchamp,5:27,1,4,.250,1,4,.250,0,0,,0,1,1,0,0,0,2,2,3,-8,202302090LALMIL,5,27,5.45,0.022708333333333337,0.02608695652173913,0.5504587155963303,0.31876624653049945,2.6114583333333337,-1.0955883422247572,-0.38854166666666634,16.35,0.004710548555623848
11,Thanasis Antetokounmpo,0,0,0,0,0,0,0,0,0,0,0,0,0,0,0,0,0,0,0,0,202302090LALMIL,0,0,0.0,0.0,0.0,,,0.0,-1.5059633570099755,0.0,0.0,0.0
12,A.J. Green,0,0,0,0,0,0,0,0,0,0,0,0,0,0,0,0,0,0,0,0,202302090LALMIL,0,0,0.0,0.0,0.0,,,0.0,-1.5059633570099755,0.0,0.0,0.0
0,Jrue Holiday,32:33,7,16,.438,3,7,.429,2,2,1.000,2,3,5,6,2,0,3,1,19,+14,202302100LACMIL,32,33,32.55,0.135625,0.15966386554621848,0.5837173579109064,0.520366392302297,16.139375,1.1673346025642164,-2.860624999999999,618.4499999999999,0.18963684495640706
1,Brook Lopez,32:18,9,13,.692,4,6,.667,0,0,,2,13,15,1,1,3,1,1,22,+22,202302100LACMIL,32,18,32.3,0.13458333333333333,0.18487394957983194,0.6811145510835914,0.7846029639018821,16.015416666666667,1.1440809252222996,-5.984583333333333,710.5999999999999,0.21789302615574882
2,Giannis Antetokounmpo,30:27,13,25,.520,1,2,.500,8,11,.727,1,7,8,6,2,0,2,2,35,+20,202302100LACMIL,30,27,30.45,0.12687500000000002,0.29411764705882354,1.1494252873563218,2.055120310090538,15.098125000000001,0.9720037128921165,-19.901874999999997,1065.75,0.32679354436460645
3,Grayson Allen,28:29,2,6,.333,2,5,.400,1,1,1.000,0,0,0,1,0,0,1,0,7,+15,202302100LACMIL,28,29,28.483333333333334,0.11868055555555557,0.058823529411764705,0.2457577530719719,-0.39651102903631985,14.122986111111112,0.7890747844690388,7.122986111111112,199.38333333333333,0.06113740200537629
4,Pat Connaughton,24:00,3,5,.600,2,4,.500,0,0,,2,6,8,3,1,0,2,0,8,+19,202302100LACMIL,24,0,24.0,0.1,0.06722689075630252,0.3333333333333333,-0.15892029022439053,11.9,0.3720588374706664,3.9000000000000004,192.0,0.05887343234154768
6,Joe Ingles,25:17,1,6,.167,1,5,.200,0,0,,0,6,6,6,0,0,1,2,3,+3,202302100LACMIL,25,17,25.283333333333335,0.10534722222222224,0.025210084033613446,0.11865524060646011,-0.7413375177836289,12.536319444444446,0.4914277144925056,9.536319444444446,75.85000000000001,0.02325807209951246
7,Wesley Matthews,18:53,0,1,.000,0,1,.000,0,0,,0,2,2,0,0,0,0,1,0,-10,202302100LACMIL,18,53,18.883333333333333,0.07868055555555556,0.0,0.0,-1.0632467326065447,9.36298611111111,-0.10386642546056137,9.36298611111111,0.0,0.0
8,Jevon Carter,16:50,5,7,.714,3,5,.600,0,0,,0,2,2,1,0,0,1,4,13,-5,202302100LACMIL,16,50,16.833333333333332,0.07013888888888889,0.1092436974789916,0.7722772277227723,1.0319254210313176,8.346527777777778,-0.29454657966427783,-4.653472222222222,218.83333333333331,0.06710140335455911
9,MarJon Beauchamp,15:57,4,7,.571,1,3,.333,1,2,.500,0,0,0,2,2,1,0,1,10,-6,202302100LACMIL,15,57,15.95,0.06645833333333334,0.08403361344537816,0.6269592476489029,0.6376807452282282,7.908541666666667,-0.37670957293905005,-2.0914583333333328,159.5,0.048907877387900284
10,Sandro Mamukelashvili,10:26,1,4,.250,0,1,.000,0,0,,2,1,3,2,0,0,0,1,2,-3,202302100LACMIL,10,26,10.433333333333334,0.04347222222222223,0.01680672268907563,0.19169329073482427,-0.5431867976902899,5.173194444444445,-0.8898407196173443,3.1731944444444453,20.866666666666667,0.006398397334341814
11,Thanasis Antetokounmpo,2:25,0,0,,0,0,,0,0,,0,0,0,0,0,0,0,0,0,-2,202302100LACMIL,2,25,2.4166666666666665,0.010069444444444445,0.0,0.0,-1.0632467326065447,1.198263888888889,-1.6355086397148055,1.198263888888889,0.0,0.0
12,A.J. Green,2:25,0,0,,0,0,,0,0,,0,0,0,0,0,0,0,0,0,-2,202302100LACMIL,2,25,2.4166666666666665,0.010069444444444445,0.0,0.0,-1.0632467326065447,1.198263888888889,-1.6355086397148055,1.198263888888889,0.0,0.0
0,Giannis Antetokounmpo,45:55,12,26,.462,1,3,.333,11,19,.579,1,12,13,9,0,2,8,4,36,+14,202302140MILMIL,45,55,45.916666666666664,0.17330313895703592,0.2748091603053435,0.7840290381125228,1.0884032916865083,22.702711203371706,1.4769137957165401,-13.297288796628294,1653.0,0.3375076567072756
1,Jrue Holiday,43:16,13,21,.619,8,12,.667,6,6,1.000,0,5,5,7,3,0,5,2,40,+1,202302140MILMIL,43,16,43.266666666666666,0.16330125180851734,0.3053435114503817,0.9244992295839753,1.524987898542504,21.39246398691577,1.3236463584363871,-18.60753601308423,1730.6666666666665,0.35336554822024097
2,Grayson Allen,35:40,3,5,.600,2,3,.667,5,5,1.000,1,3,4,2,1,0,0,3,13,-10,202302140MILMIL,35,40,35.666666666666664,0.13461659432597345,0.09923664122137404,0.36448598130841126,-0.2155462409174259,17.634773856702523,0.8840869156706652,4.634773856702523,463.66666666666663,0.09467093173620092
3,Pat Connaughton,35:03,2,5,.400,1,4,.250,0,0,,1,7,8,3,0,1,1,1,5,-7,202302140MILMIL,35,3,35.05,0.13228911115304773,0.03816793893129771,0.14265335235378032,-0.905007186940781,17.32987356104925,0.8484209082532705,12.32987356104925,175.25,0.035782345334513035
4,Brook Lopez,24:53,0,3,.000,0,3,.000,4,4,1.000,1,1,2,1,0,0,3,3,4,-5,202302140MILMIL,24,53,24.883333333333333,0.09391709127508335,0.030534351145038167,0.1607501674480911,-0.8487618667021384,12.30313895703592,0.26041375893947644,8.30313895703592,99.53333333333333,0.020322602599877494
6,Joe Ingles,31:04,3,7,.429,2,6,.333,0,0,,1,5,6,3,1,0,0,5,8,+11,202302140MILMIL,31,4,31.066666666666666,0.11725482795496006,0.061068702290076333,0.2575107296137339,-0.5480277995684897,15.360382462099768,0.6180377792598335,7.360382462099768,248.53333333333333,0.050745252841489154
7,Khris Middleton,24:52,7,16,.438,1,4,.250,1,1,1.000,4,7,11,4,0,0,1,3,16,+19,202302140MILMIL,24,52,24.866666666666667,0.09385418632446374,0.12213740458015267,0.6434316353887399,0.6514233093134402,12.29489840850475,0.25944981279306034,-3.70510159149525,397.8666666666667,0.08123596270332813
8,Jevon Carter,14:21,3,6,.500,3,6,.500,0,0,,0,1,1,0,1,0,0,1,9,+14,202302140MILMIL,14,21,14.35,0.05416116248348745,0.06870229007633588,0.6271777003484321,0.6009057029437085,7.095112285336856,-0.34880020559547165,-1.9048877146631442,129.15,0.026369699857074803
9,Wesley Matthews,9:53,0,1,.000,0,1,.000,0,0,,1,1,2,0,0,0,0,1,0,-7,202302140MILMIL,9,53,9.883333333333333,0.03730263571743096,0.0,0.0,-1.3483771083573266,4.8866452789834565,-0.6071377728349748,4.8866452789834565,0.0,0.0
10,Thanasis Antetokounmpo,0,0,0,0,0,0,0,0,0,0,0,0,0,0,0,0,0,0,0,0,202302140MILMIL,0,0,0.0,0.0,0.0,,,0.0,-1.1787578376596966,0.0,0.0,0.0
11,MarJon Beauchamp,0,0,0,0,0,0,0,0,0,0,0,0,0,0,0,0,0,0,0,0,202302140MILMIL,0,0,0.0,0.0,0.0,,,0.0,-1.1787578376596966,0.0,0.0,0.0
12,A.J. Green,0,0,0,0,0,0,0,0,0,0,0,0,0,0,0,0,0,0,0,0,202302140MILMIL,0,0,0.0,0.0,0.0,,,0.0,-1.1787578376596966,0.0,0.0,0.0
13,Sandro Mamukelashvili,0,0,0,0,0,0,0,0,0,0,0,0,0,0,0,0,0,0,0,0,202302140MILMIL,0,0,0.0,0.0,0.0,,,0.0,-1.1787578376596966,0.0,0.0,0.0
0,Brook Lopez,33:12,13,18,.722,3,6,.500,4,7,.571,2,5,7,2,0,4,0,3,33,+28,202302160CHIMIL,33,12,33.2,0.13833333333333334,0.29464285714285715,0.9939759036144578,2.1028837005155783,15.493333333333334,1.2625040800319507,-17.506666666666668,1095.6000000000001,0.3467948278317937
1,Jevon Carter,32:02,9,13,.692,4,5,.800,0,0,,0,6,6,6,1,0,2,2,22,+23,202302160CHIMIL,32,2,32.03333333333333,0.13347222222222221,0.19642857142857142,0.6867845993756504,1.0153912683681643,14.948888888888888,1.1330940505292078,-7.051111111111112,704.7333333333333,0.2230721750644938
2,Jrue Holiday,28:11,5,15,.333,2,8,.250,3,3,1.000,1,5,6,9,0,0,1,0,15,+8,202302160CHIMIL,28,11,28.183333333333334,0.11743055555555555,0.13392857142857142,0.5322294500295683,0.4682483221192177,13.152222222222221,0.7060409531701572,-1.8477777777777789,422.75,0.13381481696412084
3,Grayson Allen,27:49,4,10,.400,2,6,.333,0,0,,0,3,3,1,0,0,3,1,10,+21,202302160CHIMIL,27,49,27.816666666666666,0.11590277777777777,0.08928571428571429,0.35949670461354105,-0.14324539802185232,12.98111111111111,0.6653692296121524,2.98111111111111,278.1666666666667,0.08804925271559932
4,Giannis Antetokounmpo,9:20,1,4,.250,0,1,.000,0,0,,1,6,7,3,0,0,1,1,2,+9,202302160CHIMIL,9,20,9.333333333333334,0.03888888888888889,0.017857142857142856,0.21428571428571427,-0.6573089501703884,4.355555555555556,-1.384855380652726,2.355555555555556,18.666666666666668,0.005908637689722663
6,A.J. Green,23:06,5,8,.625,5,7,.714,0,0,,0,2,2,1,0,0,0,1,15,-2,202302160CHIMIL,23,6,23.1,0.09625,0.13392857142857142,0.6493506493506493,0.8828707940062784,10.780000000000001,0.14218296747963652,-4.219999999999999,346.5,0.10967908711547691
7,MarJon Beauchamp,22:09,0,3,.000,0,1,.000,2,2,1.000,2,2,4,1,1,1,0,1,2,-8,202302160CHIMIL,22,9,22.15,0.09229166666666666,0.017857142857142856,0.09029345372460497,-1.096255766517224,10.336666666666666,0.03680622917026001,8.336666666666666,44.3,0.014022463374359674
8,Joe Ingles,21:24,2,8,.250,1,6,.167,0,0,,0,7,7,1,1,0,0,1,5,+7,202302160CHIMIL,21,24,21.4,0.08916666666666666,0.044642857142857144,0.23364485981308414,-0.5887753557510331,9.986666666666666,-0.04638593265293156,4.986666666666666,107.0,0.033869155328588835
9,Wesley Matthews,19:49,1,3,.333,1,3,.333,2,2,1.000,0,3,3,0,0,0,1,4,5,-5,202302160CHIMIL,19,49,19.816666666666666,0.08256944444444445,0.044642857142857144,0.2523128679562658,-0.5226884669008386,9.247777777777777,-0.22201382983522505,4.247777777777777,99.08333333333333,0.031363259879822525
10,Sandro Mamukelashvili,19:27,0,4,.000,0,4,.000,2,2,1.000,2,3,5,0,1,2,0,2,2,-12,202302160CHIMIL,19,27,19.45,0.08104166666666666,0.017857142857142856,0.10282776349614396,-1.0518828730444858,9.076666666666666,-0.2626855533932299,7.076666666666666,38.9,0.012313178899832761
11,Thanasis Antetokounmpo,3:31,0,2,.000,0,0,,1,2,.500,1,1,2,0,0,0,0,0,1,-9,202302160CHIMIL,3,31,3.5166666666666666,0.014652777777777777,0.008928571428571428,0.2843601895734597,-0.40923727460341724,1.641111111111111,-2.0300568134592565,0.641111111111111,3.5166666666666666,0.001113145136188823
0,Jevon Carter,33:28,4,17,.235,1,8,.125,2,4,.500,1,7,8,2,1,0,1,1,11,+8,202302240MILMIL,33,28,33.46666666666667,0.13944444444444448,0.0859375,0.3286852589641434,-0.6655797364239513,17.848888888888894,1.5946658022681055,6.848888888888894,368.1333333333333,0.12229462995465443
1,Jrue Holiday,28:53,9,14,.643,5,9,.556,1,2,.500,0,5,5,7,0,1,0,2,24,+26,202302240MILMIL,28,53,28.883333333333333,0.12034722222222223,0.1875,0.830929024812464,1.3999217792660816,15.404444444444445,1.1075733344700462,-8.595555555555555,693.2,0.23028242706781904
2,Grayson Allen,28:05,5,12,.417,4,8,.500,2,2,1.000,0,1,1,3,0,0,1,2,16,+22,202302240MILMIL,28,5,28.083333333333332,0.1170138888888889,0.125,0.56973293768546,0.32574037466092437,14.97777777777778,1.022553558272567,-1.0222222222222204,449.3333333333333,0.14926943243288135
3,Brook Lopez,27:04,7,12,.583,1,2,.500,2,2,1.000,3,4,7,1,0,0,2,4,17,+20,202302240MILMIL,27,4,27.066666666666666,0.1127777777777778,0.1328125,0.6280788177339901,0.5656905977780857,14.435555555555558,0.9145075926882708,-2.564444444444442,460.1333333333333,0.15285721404328592
4,Giannis Antetokounmpo,6:28,2,4,.500,0,0,,0,0,,0,4,4,4,0,0,0,0,4,+5,202302240MILMIL,6,28,6.466666666666667,0.026944444444444448,0.03125,0.6185567010309279,0.5265304372740881,3.4488888888888893,-1.274751644396821,-0.5511111111111107,25.866666666666667,0.00859295842491958
6,Bobby Portis,21:48,7,11,.636,1,3,.333,3,3,1.000,2,9,11,1,0,0,0,0,18,+12,202302240MILMIL,21,48,21.8,0.09083333333333335,0.140625,0.8256880733944953,1.3783681158190348,11.626666666666669,0.3547940660548654,-6.373333333333331,392.40000000000003,0.1303560651780326
7,A.J. Green,18:56,2,6,.333,2,5,.400,0,0,,0,1,1,4,1,0,1,2,6,+15,202302240MILMIL,18,56,18.933333333333334,0.0788888888888889,0.046875,0.31690140845070425,-0.7140413854303105,10.097777777777779,0.05013986801389779,4.097777777777779,113.6,0.037738147309440626
8,Joe Ingles,17:55,2,4,.500,0,2,.000,0,0,,0,4,4,0,1,0,1,0,4,+23,202302240MILMIL,17,55,17.916666666666668,0.07465277777777779,0.03125,0.22325581395348837,-1.0991633730471935,9.555555555555557,-0.0579060975703987,5.555555555555557,71.66666666666667,0.023807810069042652
9,Khris Middleton,17:21,4,8,.500,2,4,.500,2,2,1.000,1,3,4,5,1,0,2,2,12,+17,202302240MILMIL,17,21,17.35,0.07229166666666668,0.09375,0.6916426512968299,0.8270999043632171,9.253333333333336,-0.11812843904361305,-2.7466666666666644,208.20000000000002,0.06916445660057693
10,Jae Crowder,16:02,3,5,.600,2,2,1.000,1,2,.500,0,3,3,0,1,0,1,1,9,+9,202302240MILMIL,16,2,16.033333333333335,0.06680555555555558,0.0703125,0.5613305613305613,0.2911851999100193,8.551111111111114,-0.2580568207019643,-0.44888888888888623,144.3,0.04793674873901657
11,Meyers Leonard,14:53,1,3,.333,1,2,.500,2,2,1.000,2,4,6,0,1,0,1,3,5,0,202302240MILMIL,14,53,14.883333333333333,0.062013888888888896,0.0390625,0.335946248600224,-0.635718569161074,7.937777777777779,-0.38027274898584107,2.9377777777777787,74.41666666666666,0.024721365571691956
12,MarJon Beauchamp,4:38,0,1,.000,0,1,.000,0,0,,0,2,2,0,0,0,0,1,0,-6,202302240MILMIL,4,38,4.633333333333333,0.019305555555555555,0.0,0.0,-2.0173135890656173,2.471111111111111,-1.4695886315160445,2.471111111111111,0.0,0.0
13,Thanasis Antetokounmpo,4:29,1,1,1.000,0,0,,0,0,,1,0,1,0,0,0,0,0,2,-6,202302240MILMIL,4,29,4.483333333333333,0.018680555555555558,0.015625,0.44609665427509293,-0.18271975594330203,2.3911111111111114,-1.4855298395530718,0.3911111111111114,8.966666666666667,0.0029787446086383595
0,Brook Lopez,35:34,9,17,.529,2,8,.250,2,4,.500,2,11,13,0,0,4,1,0,22,+8,202302260MILMIL,35,34,35.56666666666667,0.14821502986525908,0.21153846153846154,0.6185567010309277,0.8189961546895577,15.414363105986945,1.2912356991605076,-6.585636894013055,782.4666666666667,0.25229737427585686
1,Jrue Holiday,35:11,13,22,.591,4,9,.444,3,4,.750,0,4,4,5,1,0,1,1,33,+13,202302260MILMIL,35,11,35.18333333333333,0.14661758577580217,0.3173076923076923,0.9379441023211749,2.011471294365569,15.248228920683426,1.262302884858274,-17.751771079316576,1161.05,0.3743672144538429
2,Grayson Allen,26:57,3,10,.300,2,7,.286,0,0,,2,1,3,1,1,0,2,3,8,-10,202302260MILMIL,26,57,26.95,0.11230726489790248,0.07692307692307693,0.29684601113172543,-0.38215329053914465,11.679955549381857,0.6408763515842352,3.679955549381857,215.6,0.06951773949119205
3,Jevon Carter,24:10,2,6,.333,1,5,.200,1,1,1.000,0,2,2,0,1,0,0,1,6,-8,202302260MILMIL,24,10,24.166666666666668,0.1007084317266287,0.057692307692307696,0.2482758620689655,-0.5634963712421465,10.473676899569385,0.4307989607810686,4.473676899569385,145.0,0.04675358175428037
4,Bobby Portis,21:25,3,7,.429,0,1,.000,4,4,1.000,3,3,6,0,0,1,2,2,10,-1,202302260MILMIL,21,25,21.416666666666668,0.08924850673704682,0.09615384615384616,0.46692607003891046,0.25286312270108213,9.281844700652869,0.22323746687374776,-0.7181552993471314,214.16666666666669,0.06905557764856354
6,Joe Ingles,28:39,1,3,.333,1,3,.333,1,2,.500,0,2,2,1,0,1,0,5,4,+3,202302260MILMIL,28,39,28.65,0.11939158216418946,0.038461538461538464,0.13961605584642234,-0.9691921409529982,12.416724545075704,0.7691870932723972,8.416724545075704,114.6,0.036951451510624345
7,Khris Middleton,25:29,4,13,.308,0,3,.000,3,4,.750,3,7,10,6,0,0,4,3,11,+7,202302260MILMIL,25,29,25.483333333333334,0.10619530490345881,0.10576923076923077,0.4316546762589928,0.12117270518817541,11.044311709959716,0.5301768881669977,0.04431170995971634,280.31666666666666,0.0903848840833611
8,Jae Crowder,24:37,2,3,.667,2,3,.667,1,2,.500,1,2,3,2,1,0,1,4,7,+6,202302260MILMIL,24,37,24.616666666666667,0.10258369217946937,0.0673076923076923,0.2843601895734597,-0.4287707580613907,10.668703986664815,0.46476356887499365,3.6687039866648146,172.31666666666666,0.05556152663879365
9,Pat Connaughton,12:39,0,4,.000,0,4,.000,0,0,,0,2,2,0,0,1,0,1,0,-8,202302260MILMIL,12,39,12.65,0.052715654952076675,0.0,0.0,-1.4904671662793032,5.482428115015974,-0.4384434167338323,5.482428115015974,0.0,0.0
10,Meyers Leonard,5:17,1,2,.500,1,2,.500,0,0,,0,0,0,0,0,0,0,0,3,+5,202302260MILMIL,5,17,5.283333333333333,0.02201694679816641,0.028846153846153848,0.5678233438485805,0.6295764501305978,2.289762467009307,-0.9944566307158671,-0.7102375329906931,15.85,0.00511065014348513
11,Thanasis Antetokounmpo,0,0,0,0,0,0,0,0,0,0,0,0,0,0,0,0,0,0,0,0,202302260MILMIL,0,0,0.0,0.0,0.0,,,0.0,-1.3932262887075075,0.0,0.0,0.0
12,MarJon Beauchamp,0,0,0,0,0,0,0,0,0,0,0,0,0,0,0,0,0,0,0,0,202302260MILMIL,0,0,0.0,0.0,0.0,,,0.0,-1.3932262887075075,0.0,0.0,0.0
13,A.J. Green,0,0,0,0,0,0,0,0,0,0,0,0,0,0,0,0,0,0,0,0,202302260MILMIL,0,0,0.0,0.0,0.0,,,0.0,-1.3932262887075075,0.0,0.0,0.0
0,Jrue Holiday,30:16,7,12,.583,0,2,.000,0,0,,0,3,3,8,0,0,4,1,14,+1,202302280BRKMIL,30,16,30.266666666666666,0.12611986943537745,0.11864406779661017,0.4625550660792952,0.0520177456163282,14.882144593374539,1.2572249437018903,0.8821445933745391,423.73333333333335,0.14610570596111744
1,Giannis Antetokounmpo,28:28,15,27,.556,1,2,.500,2,6,.333,3,12,15,4,1,0,5,4,33,+11,202302280BRKMIL,28,28,28.466666666666665,0.11861934856587261,0.2796610169491525,1.1592505854800939,1.67670240807332,13.997083130772968,1.084805522851345,-19.002916869227032,939.4,0.32391055737855656
2,Brook Lopez,28:22,6,13,.462,1,4,.250,0,0,,4,6,10,1,0,2,1,2,13,-6,202302280BRKMIL,28,22,28.366666666666667,0.11820265296201124,0.11016949152542373,0.4582843713278496,0.042058542395562844,13.947913049517327,1.0752266661374261,0.9479130495173269,368.76666666666665,0.12715288113969808
3,Grayson Allen,26:42,3,6,.500,1,4,.250,0,1,.000,1,1,2,2,2,0,1,2,7,+3,202302280BRKMIL,26,42,26.7,0.11125772623098826,0.059322033898305086,0.2621722846441948,-0.41527222906024225,13.128411695256615,0.9155790542387734,6.128411695256615,186.9,0.06444420180333428
4,Pat Connaughton,22:27,2,6,.333,1,4,.250,0,0,,0,4,4,3,0,0,0,3,5,+12,202302280BRKMIL,22,27,22.45,0.09354816306687963,0.0423728813559322,0.22271714922049,-0.5072810788274814,11.038683241891796,0.5084776438972086,6.038683241891796,112.25,0.03870444971869595
6,Khris Middleton,22:36,7,13,.538,3,7,.429,1,2,.500,0,4,4,6,2,0,3,1,18,+15,202302280BRKMIL,22,36,22.6,0.09417320647267172,0.15254237288135594,0.7964601769911503,0.8306800124284749,11.112438363775263,0.5228459289680879,-6.887561636224737,406.8,0.14026699461528297
7,Jevon Carter,19:39,4,6,.667,3,4,.750,0,0,,1,1,2,0,1,0,1,2,11,+18,202302280BRKMIL,19,39,19.65,0.08188068615876101,0.09322033898305085,0.5597964376590331,0.2787833276567576,9.661920966733799,0.24026965590747199,-1.338079033266201,216.14999999999998,0.07452977110642431
8,Joe Ingles,19:04,2,5,.400,2,4,.500,0,0,,0,4,4,3,2,1,1,3,6,+1,202302280BRKMIL,19,4,19.066666666666666,0.07944996180290298,0.05084745762711865,0.3146853146853147,-0.2928125431413077,9.375095492742552,0.18439299174294407,3.3750954927425525,114.4,0.03944578216319659
9,Bobby Portis,15:43,2,7,.286,1,2,.500,1,3,.333,1,5,6,1,1,0,0,1,6,0,202302280BRKMIL,15,43,15.716666666666667,0.06549065907354677,0.05084745762711865,0.38176033934252385,-0.13639447992738293,7.727897770678519,-0.13649870817334825,1.7278977706785188,94.3,0.032515185821585996
10,Jae Crowder,15:34,1,2,.500,0,1,.000,0,0,,0,2,2,2,1,0,0,1,2,+13,202302280BRKMIL,15,34,15.566666666666666,0.0648656156677547,0.01694915254237288,0.1284796573875803,-0.7270416533479336,7.654142648795054,-0.15086699324422706,5.654142648795054,31.133333333333333,0.01073495353742005
11,MarJon Beauchamp,3:35,0,2,.000,0,1,.000,0,0,,0,0,0,0,0,0,1,0,0,-1,202302280BRKMIL,3,35,3.5833333333333335,0.014931592471699423,0.0,0.0,-1.0266545014036514,1.761927911660532,-1.2987333227955402,1.761927911660532,0.0,0.0
12,A.J. Green,3:19,0,1,.000,0,0,,0,0,,1,1,2,2,0,0,0,0,0,-1,202302280BRKMIL,3,19,3.3166666666666664,0.013820404194735743,0.0,0.0,-1.0266545014036514,1.6308076949788177,-1.3242769406993247,1.6308076949788177,0.0,0.0
13,Meyers Leonard,2:07,1,2,.500,1,2,.500,0,0,,0,1,1,0,0,0,0,1,3,+2,202302280BRKMIL,2,7,2.1166666666666667,0.008820056948399194,0.025423728813559324,1.4173228346456692,2.278523452344857,1.0407667199111048,-1.4392232212663547,-1.9592332800888952,6.35,0.0021895167546879223
14,Thanasis Antetokounmpo,2:07,0,0,,0,0,,0,0,,0,0,0,0,0,0,0,0,0,+2,202302280BRKMIL,2,7,2.1166666666666667,0.008820056948399194,0.0,0.0,-1.0266545014036514,1.0407667199111048,-1.4392232212663547,1.0407667199111048,0.0,0.0
0,Jrue Holiday,27:55,10,18,.556,1,7,.143,2,2,1.000,0,4,4,9,0,0,0,0,23,+24,202303010MILMIL,27,55,27.916666666666668,0.11631944444444445,0.16546762589928057,0.8238805970149253,0.9962591697024866,16.16840277777778,1.050400395556566,-6.831597222222221,642.0833333333334,0.18975589092915124
1,Giannis Antetokounmpo,27:42,10,14,.714,3,4,.750,8,10,.800,0,7,7,6,0,1,3,1,31,+19,202303010MILMIL,27,42,27.7,0.11541666666666667,0.22302158273381295,1.1191335740072204,1.8541446673765754,16.042916666666667,1.026330203441439,-14.957083333333333,858.6999999999999,0.25377295295137514
2,Grayson Allen,27:35,4,8,.500,4,8,.500,0,0,,4,1,5,4,2,0,0,4,12,+18,202303010MILMIL,27,35,27.583333333333332,0.11493055555555555,0.08633093525179857,0.43504531722054385,-0.1335385749900299,15.975347222222222,1.013369330764063,3.975347222222222,331.0,0.0978209472771692
3,Brook Lopez,27:04,6,9,.667,4,5,.800,2,3,.667,1,2,3,2,1,0,2,1,18,+25,202303010MILMIL,27,4,27.066666666666666,0.11277777777777778,0.12949640287769784,0.6650246305418719,0.5346881086940479,15.676111111111112,0.9559711803356841,-2.323888888888888,487.2,0.14398297738198437
4,Pat Connaughton,23:37,3,8,.375,3,8,.375,1,2,.500,0,6,6,2,0,0,1,2,10,+20,202303010MILMIL,23,37,23.616666666666667,0.09840277777777778,0.07194244604316546,0.42342978122794633,-0.16728861530214112,13.677986111111112,0.5726996597332814,3.677986111111112,236.16666666666669,0.06979470407439514
6,Joe Ingles,20:55,6,9,.667,4,7,.571,0,0,,0,2,2,1,0,0,0,3,16,+5,202303010MILMIL,20,55,20.916666666666668,0.08715277777777779,0.11510791366906475,0.7649402390438247,0.8250023754570348,12.114236111111113,0.27274803491400995,-3.885763888888887,334.6666666666667,0.09890456300732918
7,Jae Crowder,20:25,2,6,.333,2,6,.333,0,0,,1,3,4,2,0,0,0,4,6,+4,202303010MILMIL,20,25,20.416666666666668,0.08506944444444445,0.04316546762589928,0.29387755102040813,-0.5437148942801253,11.824652777777779,0.21720143772525569,5.824652777777779,122.5,0.03620261643943573
8,A.J. Green,17:19,4,7,.571,4,7,.571,0,0,,0,2,2,1,0,0,0,2,12,+3,202303010MILMIL,17,19,17.316666666666666,0.07215277777777777,0.08633093525179857,0.6929740134744947,0.6158976888008812,10.02923611111111,-0.12718746484501947,-1.9707638888888894,207.8,0.061411458743793834
9,Jevon Carter,17:19,3,6,.500,1,1,1.000,2,2,1.000,1,5,6,1,0,0,1,3,9,+7,202303010MILMIL,17,19,17.316666666666666,0.07215277777777777,0.06474820143884892,0.519730510105871,0.1125222762302813,10.02923611111111,-0.12718746484501947,1.0292361111111106,155.85,0.046058594057845376
10,Bobby Portis,17:10,0,5,.000,0,1,.000,0,0,,1,3,4,1,1,0,0,2,0,-9,202303010MILMIL,17,10,17.166666666666668,0.07152777777777779,0.0,0.0,-1.3976039614815183,9.942361111111113,-0.14385144400164515,9.942361111111113,0.0,0.0
11,MarJon Beauchamp,4:33,0,1,.000,0,0,,0,0,,0,0,0,0,0,0,0,0,0,-1,202303010MILMIL,4,33,4.55,0.018958333333333334,0.0,0.0,-1.3976039614815183,2.6352083333333334,-1.5454772463978719,2.6352083333333334,0.0,0.0
12,Meyers Leonard,4:33,0,1,.000,0,1,.000,0,0,,0,1,1,0,0,0,0,0,0,-1,202303010MILMIL,4,33,4.55,0.018958333333333334,0.0,0.0,-1.3976039614815183,2.6352083333333334,-1.5454772463978719,2.6352083333333334,0.0,0.0
13,Thanasis Antetokounmpo,3:53,1,2,.500,0,1,.000,0,0,,0,2,2,0,0,0,1,1,2,-4,202303010MILMIL,3,53,3.8833333333333333,0.016180555555555556,0.014388489208633094,0.5150214592274678,0.09883968275554393,2.2490972222222223,-1.6195393759828773,0.2490972222222223,7.766666666666667,0.002295295137520687
0,Jrue Holiday,35:58,9,13,.692,5,8,.625,3,3,1.000,0,4,4,13,0,0,1,0,26,+4,202303040MILMIL,35,58,35.96666666666667,0.14986111111111114,0.2,0.7228915662650602,0.8801892189368251,19.481944444444448,1.3765449666772014,-6.518055555555552,935.1333333333334,0.23048073644732356
1,Giannis Antetokounmpo,35:25,9,21,.429,0,3,.000,16,18,.889,4,9,13,4,1,1,7,5,34,-14,202303040MILMIL,35,25,35.416666666666664,0.14756944444444445,0.26153846153846155,0.9600000000000001,1.6437864571119618,19.18402777777778,1.3363246419488386,-14.815972222222221,1204.1666666666665,0.2967889286433151
2,Brook Lopez,33:15,10,16,.625,3,5,.600,3,4,.750,2,4,6,4,0,1,1,4,26,+11,202303040MILMIL,33,15,33.25,0.13854166666666667,0.2,0.7819548872180451,1.0704000353414758,18.010416666666668,1.1778809384734714,-7.989583333333332,864.5,0.21307185783707622
3,Grayson Allen,30:08,7,10,.700,6,8,.750,0,0,,1,2,3,3,0,0,0,3,20,-5,202303040MILMIL,30,8,30.133333333333333,0.12555555555555556,0.15384615384615385,0.6637168141592921,0.6896195434263565,16.322222222222223,0.9499657650127509,-3.677777777777777,602.6666666666666,0.14853823750508338
4,Pat Connaughton,17:12,0,2,.000,0,1,.000,1,1,1.000,0,2,2,0,0,0,0,1,1,+8,202303040MILMIL,17,12,17.2,0.07166666666666667,0.007692307692307693,0.05813953488372093,-1.260615337182611,9.316666666666666,0.004178735036712846,8.316666666666666,17.2,0.004239255008441539
6,Khris Middleton,27:22,2,8,.250,0,2,.000,2,2,1.000,1,2,3,2,1,0,1,5,6,-2,202303040MILMIL,27,22,27.366666666666667,0.1140277777777778,0.046153846153846156,0.21924482338611448,-0.7417828713017972,14.823611111111113,0.7476453436518975,8.823611111111113,164.2,0.04047009723175004
7,Joe Ingles,18:23,2,3,.667,1,2,.500,0,0,,0,3,3,1,1,0,1,1,5,-1,202303040MILMIL,18,23,18.383333333333333,0.07659722222222223,0.038461538461538464,0.271985494106981,-0.57193387070919,9.95763888888889,0.09071337308864443,4.957638888888891,91.91666666666666,0.02265454590266966
8,Bobby Portis,15:54,3,4,.750,1,2,.500,0,0,,0,5,5,0,0,0,0,2,7,-4,202303040MILMIL,15,54,15.9,0.06625,0.05384615384615385,0.44025157232704404,-0.030040397822282645,8.6125,-0.09088748704850733,1.6125000000000007,111.3,0.027431923397647866
9,Jevon Carter,13:28,1,3,.333,1,1,1.000,0,0,,2,1,3,3,0,0,1,0,3,-7,202303040MILMIL,13,28,13.466666666666667,0.05611111111111112,0.023076923076923078,0.22277227722772278,-0.7304228620064153,7.294444444444445,-0.2688319540285351,4.294444444444445,40.4,0.009957319903548732
10,Jae Crowder,12:55,1,3,.333,0,2,.000,0,0,,1,0,1,0,0,1,1,2,2,-5,202303040MILMIL,12,55,12.916666666666666,0.05381944444444445,0.015384615384615385,0.15483870967741936,-0.9491999157943243,6.996527777777779,-0.3090522787568975,4.996527777777779,25.833333333333332,0.006367098123143785
11,Thanasis Antetokounmpo,0,0,0,0,0,0,0,0,0,0,0,0,0,0,0,0,0,0,0,0,202303040MILMIL,0,0,0.0,0.0,0.0,,,0.0,-1.2536205110138943,0.0,0.0,0.0
12,MarJon Beauchamp,0,0,0,0,0,0,0,0,0,0,0,0,0,0,0,0,0,0,0,0,202303040MILMIL,0,0,0.0,0.0,0.0,,,0.0,-1.2536205110138943,0.0,0.0,0.0
13,A.J. Green,0,0,0,0,0,0,0,0,0,0,0,0,0,0,0,0,0,0,0,0,202303040MILMIL,0,0,0.0,0.0,0.0,,,0.0,-1.2536205110138943,0.0,0.0,0.0
14,Meyers Leonard,0,0,0,0,0,0,0,0,0,0,0,0,0,0,0,0,0,0,0,0,202303040MILMIL,0,0,0.0,0.0,0.0,,,0.0,-1.2536205110138943,0.0,0.0,0.0
0,Giannis Antetokounmpo,36:13,6,11,.545,0,0,,11,15,.733,1,8,9,13,0,3,3,1,23,+15,202303050WASMIL,36,13,36.21666666666667,0.15090277777777777,0.19658119658119658,0.6350667280257708,0.7947578028553904,17.655625,1.344242742198566,-5.344374999999999,832.9833333333333,0.2485602315565414
1,Jrue Holiday,33:37,6,10,.600,3,5,.600,4,4,1.000,1,1,2,7,0,0,1,2,19,+10,202303050WASMIL,33,37,33.61666666666667,0.14006944444444444,0.1623931623931624,0.5651958353991076,0.5280884710888958,16.388125,1.1473964514065453,-2.6118750000000013,638.7166666666667,0.19059152351870456
2,Grayson Allen,31:12,4,7,.571,3,6,.500,0,0,,1,2,3,1,1,0,0,0,11,+9,202303050WASMIL,31,12,31.2,0.12999999999999998,0.09401709401709402,0.3525641025641026,-0.28344205293684943,15.209999999999997,0.9644303477857569,4.209999999999997,343.2,0.10241005798860121
3,Brook Lopez,27:19,6,14,.429,3,6,.500,0,1,.000,1,5,6,1,1,3,2,3,15,-9,202303050WASMIL,27,19,27.316666666666666,0.11381944444444443,0.1282051282051282,0.5491153142159854,0.46671553484671935,13.316874999999998,0.6704227467951109,-1.6831250000000022,409.75,0.1222684185921601
4,Pat Connaughton,24:30,3,8,.375,2,7,.286,0,0,,2,5,7,2,1,0,0,0,8,+8,202303050WASMIL,24,30,24.5,0.10208333333333332,0.06837606837606838,0.32653061224489793,-0.3828015030023631,11.943749999999998,0.4571725984370887,3.943749999999998,196.0,0.05848593055293076
6,Joe Ingles,25:32,4,9,.444,4,8,.500,2,2,1.000,0,2,2,3,1,0,3,3,14,-3,202303050WASMIL,25,32,25.533333333333335,0.10638888888888888,0.11965811965811966,0.5483028720626631,0.4636147671596226,12.4475,0.5354063806749433,-1.5525000000000002,357.4666666666667,0.10666719715129755
7,Jevon Carter,22:24,7,13,.538,6,10,.600,0,0,,0,2,2,0,1,0,1,4,20,+1,202303050WASMIL,22,24,22.4,0.09333333333333331,0.17094017094017094,0.8928571428571429,1.778641006211747,10.919999999999996,0.2981813635666104,-9.080000000000004,448.0,0.13368212697812745
8,Bobby Portis,19:17,2,6,.333,1,4,.250,0,0,,0,7,7,2,0,0,2,1,5,+8,202303050WASMIL,19,17,19.283333333333335,0.08034722222222222,0.042735042735042736,0.25929127052722556,-0.6394272544447914,9.400625,0.06221818165566325,4.400625,96.41666666666667,0.02877050240210072
9,Jae Crowder,14:21,1,3,.333,0,2,.000,0,0,,1,4,5,1,0,0,0,0,2,-10,202303050WASMIL,14,21,14.35,0.05979166666666666,0.017094017094017096,0.13937282229965156,-1.0971081463462482,6.9956249999999995,-0.31128503677022185,4.9956249999999995,28.7,0.00856401125953629
10,A.J. Green,5:35,0,2,.000,0,1,.000,0,0,,0,2,2,0,0,0,0,1,0,+1,202303050WASMIL,5,35,5.583333333333333,0.023263888888888886,0.0,0.0,-1.62903862543212,2.721875,-0.9750103505945986,2.721875,0.0,0.0
11,Thanasis Antetokounmpo,0,0,0,0,0,0,0,0,0,0,0,0,0,0,0,0,0,0,0,0,202303050WASMIL,0,0,0.0,0.0,0.0,,,0.0,-1.3977251417184888,0.0,0.0,0.0
12,MarJon Beauchamp,0,0,0,0,0,0,0,0,0,0,0,0,0,0,0,0,0,0,0,0,202303050WASMIL,0,0,0.0,0.0,0.0,,,0.0,-1.3977251417184888,0.0,0.0,0.0
13,Meyers Leonard,0,0,0,0,0,0,0,0,0,0,0,0,0,0,0,0,0,0,0,0,202303050WASMIL,0,0,0.0,0.0,0.0,,,0.0,-1.3977251417184888,0.0,0.0,0.0
0,Jevon Carter,34:31,9,13,.692,4,5,.800,2,2,1.000,0,2,2,5,0,1,1,2,24,+13,202303070ORLMIL,34,31,34.516666666666666,0.14381944444444444,0.1791044776119403,0.6953162723322067,0.8600923815610652,19.271805555555556,1.1121407152082432,-4.728194444444444,828.4,0.20663850733362157
1,Brook Lopez,34:06,9,14,.643,0,1,.000,8,9,.889,2,4,6,1,1,3,5,3,26,+15,202303070ORLMIL,34,6,34.1,0.14208333333333334,0.19402985074626866,0.7624633431085044,1.1270438602588213,19.039166666666667,1.08327816370759,-6.960833333333333,886.6,0.22115608474407158
2,Bobby Portis,30:52,8,13,.615,0,3,.000,0,0,,0,11,11,1,0,0,3,2,16,+10,202303070ORLMIL,30,52,30.866666666666667,0.12861111111111112,0.11940298507462686,0.5183585313174945,0.15657501163333645,17.23388888888889,0.8593047640625221,1.2338888888888917,493.8666666666667,0.12319153889646456
3,Khris Middleton,30:34,5,9,.556,1,3,.333,13,14,.929,0,4,4,11,1,0,3,0,24,-1,202303070ORLMIL,30,34,30.566666666666666,0.12736111111111112,0.1791044776119403,0.7851690294438386,1.217313122521331,17.06638888888889,0.8385237269820518,-6.933611111111109,733.6,0.18299131938670304
4,Grayson Allen,30:05,3,8,.375,0,3,.000,2,2,1.000,0,0,0,1,0,0,0,4,8,+3,202303070ORLMIL,30,5,30.083333333333332,0.12534722222222222,0.05970149253731343,0.2659279778393352,-0.8469938520627189,16.79652777777778,0.805043167241294,8.79652777777778,240.66666666666666,0.06003259387368211
6,Joe Ingles,27:05,5,6,.833,2,3,.667,0,0,,0,3,3,6,1,0,2,3,12,+9,202303070ORLMIL,27,5,27.083333333333332,0.11284722222222222,0.08955223880597014,0.4430769230769231,-0.1427163261156758,15.121527777777779,0.5972327964365914,3.1215277777777786,325.0,0.08106894602055409
7,Jae Crowder,23:26,5,9,.556,2,5,.400,3,3,1.000,1,4,5,2,2,1,0,2,15,+3,202303070ORLMIL,23,26,23.433333333333334,0.09763888888888889,0.11194029850746269,0.6401137980085349,0.6406281223147641,13.08361111111111,0.3443968452908699,-1.9163888888888891,351.5,0.08767918315761467
8,Pat Connaughton,21:05,1,4,.250,0,3,.000,4,4,1.000,0,5,5,1,0,0,1,0,6,+13,202303070ORLMIL,21,5,21.083333333333332,0.08784722222222222,0.04477611940298507,0.2845849802371542,-0.772820633177891,11.771527777777777,0.18161205482718623,5.771527777777777,126.5,0.03155452822030798
9,Meyers Leonard,7:36,1,2,.500,1,2,.500,0,0,,0,2,2,0,0,0,1,2,3,-6,202303070ORLMIL,7,36,7.6,0.03166666666666666,0.022388059701492536,0.39473684210526316,-0.33489829245558417,4.243333333333333,-0.7523801117339489,1.2433333333333332,22.799999999999997,0.00568729836698041
10,Lindell Wigginton,0:40,0,0,,0,0,,0,0,,0,0,0,0,0,0,0,0,0,-4,202303070ORLMIL,0,40,0.6666666666666666,0.0027777777777777775,0.0,0.0,-1.9042233944774487,0.3722222222222222,-1.232652968704817,0.3722222222222222,0.0,0.0
11,Thanasis Antetokounmpo,0,0,0,0,0,0,0,0,0,0,0,0,0,0,0,0,0,0,0,0,202303070ORLMIL,0,0,0.0,0.0,0.0,,,0.0,-1.2788330511058619,0.0,0.0,0.0
12,MarJon Beauchamp,0,0,0,0,0,0,0,0,0,0,0,0,0,0,0,0,0,0,0,0,202303070ORLMIL,0,0,0.0,0.0,0.0,,,0.0,-1.2788330511058619,0.0,0.0,0.0
13,A.J. Green,0,0,0,0,0,0,0,0,0,0,0,0,0,0,0,0,0,0,0,0,202303070ORLMIL,0,0,0.0,0.0,0.0,,,0.0,-1.2788330511058619,0.0,0.0,0.0
0,Brook Lopez,35:58,10,20,.500,3,7,.429,1,2,.500,5,5,10,3,1,9,2,3,24,-1,202303090MILMIL,35,58,35.96666666666667,0.14988192804556189,0.2033898305084746,0.6672845227062094,0.8962232643196529,17.6860675093763,1.2370381112390763,-6.313932490623699,863.2,0.24647833701362984
1,Jrue Holiday,33:10,4,9,.444,2,6,.333,1,2,.500,0,3,3,7,2,1,4,1,11,+3,202303090MILMIL,33,10,33.166666666666664,0.13821364078344214,0.09322033898305085,0.3316582914572865,-0.6080808503441156,16.30920961244617,1.0391989756982045,5.309209612446171,364.8333333333333,0.1041745983400594
2,Grayson Allen,32:01,5,13,.385,3,9,.333,6,6,1.000,2,5,7,2,2,0,1,2,19,-3,202303090MILMIL,32,1,32.016666666666666,0.13342130851507153,0.16101694915254236,0.5934409161894847,0.5652502032708743,15.74371440477844,0.9579436164582039,-3.2562855952215592,608.3166666666666,0.17369888829665728
3,Bobby Portis,30:24,11,15,.733,3,4,.750,3,4,.750,3,10,13,2,0,0,3,3,28,+5,202303090MILMIL,30,24,30.4,0.1266842617030143,0.23728813559322035,0.9210526315789475,2.033632604844577,14.948742880955688,0.8437150679613912,-13.051257119044312,851.1999999999999,0.2430518541079723
4,Khris Middleton,29:23,5,19,.263,1,4,.250,0,0,,4,3,7,7,0,0,2,2,11,+2,202303090MILMIL,29,23,29.383333333333333,0.12244756216141131,0.09322033898305085,0.37436188315371527,-0.41667987295085795,14.448812335046535,0.7718806199376225,3.4488123350465347,323.21666666666664,0.09229136526307775
6,Joe Ingles,26:26,2,6,.333,2,4,.500,0,0,,2,6,8,4,1,0,2,0,6,+9,202303090MILMIL,26,26,26.433333333333334,0.11015418808167801,0.05084745762711865,0.22698612862547288,-1.0772300126510128,12.998194193638005,0.5634429592784898,6.998194193638005,158.6,0.04528668240310668
7,Jae Crowder,19:31,2,5,.400,2,5,.400,0,0,,3,8,11,2,0,2,0,0,6,+8,202303090MILMIL,19,31,19.516666666666666,0.08133074038060842,0.05084745762711865,0.3074295473953886,-0.7166760553429065,9.597027364911794,0.07473318993645575,3.597027364911794,117.1,0.03343676235437448
8,Pat Connaughton,16:45,3,5,.600,2,4,.500,0,0,,1,1,2,2,0,0,1,2,8,0,202303090MILMIL,16,45,16.75,0.06980136130018058,0.06779661016949153,0.47761194029850745,0.04609529579626172,8.236560633421309,-0.12075071780035788,0.23656063342130906,134.0,0.0382623924465088
9,Jevon Carter,16:20,2,12,.167,1,7,.143,0,0,,0,0,0,4,2,0,1,1,5,+2,202303090MILMIL,16,20,16.333333333333332,0.0680650090290318,0.0423728813559322,0.30612244897959184,-0.7225345769424747,8.031671065425753,-0.15019106535108298,3.031671065425753,81.66666666666666,0.02331911977461357
10,Thanasis Antetokounmpo,0,0,0,0,0,0,0,0,0,0,0,0,0,0,0,0,0,0,0,0,202303090MILMIL,0,0,0.0,0.0,0.0,,,0.0,-1.3042526893395008,0.0,0.0,0.0
11,MarJon Beauchamp,0,0,0,0,0,0,0,0,0,0,0,0,0,0,0,0,0,0,0,0,202303090MILMIL,0,0,0.0,0.0,0.0,,,0.0,-1.3042526893395008,0.0,0.0,0.0
12,Meyers Leonard,0,0,0,0,0,0,0,0,0,0,0,0,0,0,0,0,0,0,0,0,202303090MILMIL,0,0,0.0,0.0,0.0,,,0.0,-1.3042526893395008,0.0,0.0,0.0
13,Lindell Wigginton,0,0,0,0,0,0,0,0,0,0,0,0,0,0,0,0,0,0,0,0,202303090MILMIL,0,0,0.0,0.0,0.0,,,0.0,-1.3042526893395008,0.0,0.0,0.0
0,Jrue Holiday,39:04,7,22,.318,4,11,.364,0,0,,1,8,9,8,1,1,6,3,18,-12,202303110GSWMIL,39,4,39.06666666666667,0.14742138364779875,0.15517241379310345,0.4607508532423208,0.2637112964582321,17.100880503144655,1.2608488782271507,-0.8991194968553451,703.2,0.18641641482424054
1,Brook Lopez,38:14,8,16,.500,1,6,.167,2,2,1.000,1,6,7,1,1,5,2,1,19,-12,202303110GSWMIL,38,14,38.233333333333334,0.14427672955974843,0.16379310344827586,0.49694856146469046,0.47190957925643423,16.736100628930817,1.2086737650349653,-2.263899371069183,726.4333333333334,0.19257550854496938
2,Khris Middleton,33:48,7,14,.500,3,4,.750,2,4,.500,2,1,3,5,4,0,4,5,19,-5,202303110GSWMIL,33,48,33.8,0.12754716981132075,0.16379310344827586,0.562130177514793,0.8468145441861359,14.795471698113207,0.9311021628525398,-4.204528301886793,642.1999999999999,0.17024548009119347
3,Bobby Portis,31:40,5,11,.455,2,2,1.000,3,3,1.000,2,11,13,2,0,0,1,0,15,-14,202303110GSWMIL,31,40,31.666666666666668,0.11949685534591195,0.12931034482758622,0.47368421052631576,0.33810006054245445,13.861635220125786,0.7975338730805456,-1.1383647798742142,475.0,0.1259212130852023
4,Grayson Allen,31:14,5,13,.385,2,9,.222,0,0,,0,3,3,2,0,1,1,0,12,-7,202303110GSWMIL,31,14,31.233333333333334,0.11786163522012578,0.10344827586206896,0.384204909284952,-0.17655784956585027,13.67194968553459,0.7704028142206092,1.6719496855345906,374.8,0.09935846455649225
6,Joe Ingles,32:00,5,6,.833,5,6,.833,0,0,,0,5,5,7,2,0,2,1,15,+3,202303110GSWMIL,32,0,32.0,0.12075471698113208,0.12931034482758622,0.46875,0.30971997216136454,14.007547169811321,0.8184039183574198,-0.9924528301886788,480.0,0.12724669953873075
7,Pat Connaughton,23:24,1,7,.143,1,5,.200,0,0,,0,3,3,1,1,0,0,0,3,+7,202303110GSWMIL,23,24,23.4,0.08830188679245282,0.02586206896551724,0.12820512820512822,-1.648991255849763,10.243018867924528,0.2799567502140681,7.243018867924528,70.19999999999999,0.018609829807539367
8,Jevon Carter,20:50,5,10,.500,3,7,.429,0,0,,0,2,2,1,0,0,0,4,13,-8,202303110GSWMIL,20,50,20.833333333333332,0.07861635220125786,0.11206896551724138,0.624,1.2026710729839811,9.119496855345911,0.11925740158213748,-3.8805031446540887,270.8333333333333,0.07179718289945744
9,Jae Crowder,14:46,0,1,.000,0,1,.000,2,2,1.000,1,2,3,1,0,0,1,0,2,+3,202303110GSWMIL,14,46,14.766666666666667,0.05572327044025158,0.017241379310344827,0.13544018058690743,-1.60737742017299,6.463899371069183,-0.26057742245697085,4.463899371069183,29.533333333333335,0.007829206652174684
10,Thanasis Antetokounmpo,0,0,0,0,0,0,0,0,0,0,0,0,0,0,0,0,0,0,0,0,202303110GSWMIL,0,0,0.0,0.0,0.0,,,0.0,-1.1851204282224934,0.0,0.0,0.0
11,MarJon Beauchamp,0,0,0,0,0,0,0,0,0,0,0,0,0,0,0,0,0,0,0,0,202303110GSWMIL,0,0,0.0,0.0,0.0,,,0.0,-1.1851204282224934,0.0,0.0,0.0
12,Goran Dragi,0,0,0,0,0,0,0,0,0,0,0,0,0,0,0,0,0,0,0,0,202303110GSWMIL,0,0,0.0,0.0,0.0,,,0.0,-1.1851204282224934,0.0,0.0,0.0
13,A.J. Green,0,0,0,0,0,0,0,0,0,0,0,0,0,0,0,0,0,0,0,0,202303110GSWMIL,0,0,0.0,0.0,0.0,,,0.0,-1.1851204282224934,0.0,0.0,0.0
14,Meyers Leonard,0,0,0,0,0,0,0,0,0,0,0,0,0,0,0,0,0,0,0,0,202303110GSWMIL,0,0,0.0,0.0,0.0,,,0.0,-1.1851204282224934,0.0,0.0,0.0
0,Brook Lopez,36:35,9,14,.643,4,6,.667,1,2,.500,1,7,8,4,0,3,1,4,23,+21,202303130SACMIL,36,35,36.583333333333336,0.1524729091414282,0.17293233082706766,0.6287015945330295,0.35235491945612935,20.27889691580995,1.3734041936120258,-2.7211030841900516,841.4166666666667,0.19573595322653187
1,Jrue Holiday,34:23,4,9,.444,1,5,.200,2,3,.667,1,5,6,8,1,1,1,2,11,+23,202303130SACMIL,34,23,34.38333333333333,0.14330369547096417,0.08270676691729323,0.31992244304411055,-0.39083640146580045,19.059391497638234,1.2266428841321937,8.059391497638234,378.21666666666664,0.08798328189699291
2,Giannis Antetokounmpo,33:57,19,28,.679,2,2,1.000,6,7,.857,1,11,12,4,1,0,5,2,46,+15,202303130SACMIL,33,57,33.95,0.14149763823284248,0.3458646616541353,1.3549337260677465,2.100301354727696,18.81918588496805,1.1977353534770754,-27.18081411503195,1561.7,0.36329306307284315
3,Khris Middleton,33:48,9,15,.600,5,8,.625,8,8,1.000,0,3,3,9,0,0,0,2,31,+5,202303130SACMIL,33,48,33.8,0.14087246457349262,0.23308270676691728,0.9171597633136096,1.046636273793142,18.73603778827452,1.1877289005579954,-12.263962211725481,1047.8,0.24374621981669017
4,Grayson Allen,28:20,3,6,.500,2,4,.500,0,0,,0,3,3,1,0,0,3,2,8,-3,202303130SACMIL,28,20,28.333333333333332,0.1180883578771881,0.06015037593984962,0.2823529411764706,-0.4812613138497968,15.705751597666017,0.8230492830626548,7.705751597666017,226.66666666666666,0.05272871078302135
6,Pat Connaughton,21:28,1,3,.333,0,2,.000,0,0,,0,3,3,1,0,0,1,2,2,-1,202303130SACMIL,21,28,21.466666666666665,0.08946929702695192,0.015037593984962405,0.09316770186335405,-0.9366056181076319,11.899416504584606,0.36497610498923894,9.899416504584606,42.93333333333333,0.009987438160078162
7,Jae Crowder,19:21,2,5,.400,0,2,.000,0,0,,1,3,4,2,0,0,0,2,4,-2,202303130SACMIL,19,21,19.35,0.08064740205612671,0.03007518796992481,0.20671834625322996,-0.6633039622519041,10.726104473464853,0.2237739360200067,6.7261044734648525,77.4,0.018005303887967
8,Bobby Portis,18:52,1,1,1.000,0,0,,1,2,.500,1,2,3,0,0,0,1,1,3,+1,202303130SACMIL,18,52,18.866666666666667,0.07863295359822173,0.022556390977443608,0.15901060070671377,-0.778130310662914,10.45818282856349,0.19153092105852834,7.458182828563491,56.6,0.01316666925140739
9,Jevon Carter,13:12,2,5,.400,1,4,.250,0,0,,0,1,1,0,0,0,0,1,5,-14,202303130SACMIL,13,12,13.2,0.0550152820227841,0.03759398496240601,0.3787878787878788,-0.24915494163891808,7.317032509030286,-0.1864906336622518,2.3170325090302857,66.0,0.015353359904467982
10,Thanasis Antetokounmpo,0,0,0,0,0,0,0,0,0,0,0,0,0,0,0,0,0,0,0,0,202303130SACMIL,0,0,0.0,0.0,0.0,,,0.0,-1.0670584905412452,0.0,0.0,0.0
11,MarJon Beauchamp,0,0,0,0,0,0,0,0,0,0,0,0,0,0,0,0,0,0,0,0,202303130SACMIL,0,0,0.0,0.0,0.0,,,0.0,-1.0670584905412452,0.0,0.0,0.0
12,Goran Dragi,0,0,0,0,0,0,0,0,0,0,0,0,0,0,0,0,0,0,0,0,202303130SACMIL,0,0,0.0,0.0,0.0,,,0.0,-1.0670584905412452,0.0,0.0,0.0
13,A.J. Green,0,0,0,0,0,0,0,0,0,0,0,0,0,0,0,0,0,0,0,0,202303130SACMIL,0,0,0.0,0.0,0.0,,,0.0,-1.0670584905412452,0.0,0.0,0.0
14,Meyers Leonard,0,0,0,0,0,0,0,0,0,0,0,0,0,0,0,0,0,0,0,0,202303130SACMIL,0,0,0.0,0.0,0.0,,,0.0,-1.0670584905412452,0.0,0.0,0.0
15,Wesley Matthews,0,0,0,0,0,0,0,0,0,0,0,0,0,0,0,0,0,0,0,0,202303130SACMIL,0,0,0.0,0.0,0.0,,,0.0,-1.0670584905412452,0.0,0.0,0.0
