,GAME_ID,PLAYER_NAME,TIME,TIMESHARE,PTS_TEAM,PTSSHARE,PTSCAP,PTSCAPSHARE,GAME_DATE,MATCHUP,WL,W_PCT,PTS,HHI_TS,HHI_PS,HHI_PCS
0,42100406,Andrew Wiggins,43.68333333333333,0.18201388888888886,18.0,0.17475728155339806,786.3,0.21814297802294344,"JUN 16, 2022",GSW @ BOS,W,0.667,103,0.14416052276234562,0.19464605523612027,0.23466881531081676
1,42100406,Otto Porter Jr.,13.05,0.054375,6.0,0.05825242718446602,78.30000000000001,0.02172274599923245,"JUN 16, 2022",GSW @ BOS,W,0.667,103,0.14416052276234562,0.19464605523612027,0.23466881531081676
2,42100406,Draymond Green,41.81666666666667,0.1742361111111111,12.0,0.11650485436893204,501.80000000000007,0.13921422659533644,"JUN 16, 2022",GSW @ BOS,W,0.667,103,0.14416052276234562,0.19464605523612027,0.23466881531081676
3,42100406,Klay Thompson,41.3,0.1720833333333333,12.0,0.11650485436893204,495.59999999999997,0.1374941624165977,"JUN 16, 2022",GSW @ BOS,W,0.667,103,0.14416052276234562,0.19464605523612027,0.23466881531081676
4,42100406,Stephen Curry,39.916666666666664,0.1663194444444444,34.0,0.3300970873786408,1357.1666666666665,0.37651834966315406,"JUN 16, 2022",GSW @ BOS,W,0.667,103,0.14416052276234562,0.19464605523612027,0.23466881531081676
5,42100406,Kevon Looney,21.666666666666668,0.09027777777777778,0.0,0.0,0.0,0.0,"JUN 16, 2022",GSW @ BOS,W,0.667,103,0.14416052276234562,0.19464605523612027,0.23466881531081676
6,42100406,Gary Payton II,19.766666666666666,0.0823611111111111,6.0,0.05825242718446602,118.6,0.032903163161034074,"JUN 16, 2022",GSW @ BOS,W,0.667,103,0.14416052276234562,0.19464605523612027,0.23466881531081676
7,42100406,Jordan Poole,17.783333333333335,0.07409722222222222,15.0,0.14563106796116504,266.75,0.07400437414170186,"JUN 16, 2022",GSW @ BOS,W,0.667,103,0.14416052276234562,0.19464605523612027,0.23466881531081676
8,42100406,Andre Iguodala,1.0166666666666666,0.004236111111111111,0.0,0.0,0.0,0.0,"JUN 16, 2022",GSW @ BOS,W,0.667,103,0.14416052276234562,0.19464605523612027,0.23466881531081676
9,42100406,Nemanja Bjelica,0.0,0.0,0.0,0.0,0.0,0.0,"JUN 16, 2022",GSW @ BOS,W,0.667,103,0.14416052276234562,0.19464605523612027,0.23466881531081676
10,42100406,Jonathan Kuminga,0.0,0.0,0.0,0.0,0.0,0.0,"JUN 16, 2022",GSW @ BOS,W,0.667,103,0.14416052276234562,0.19464605523612027,0.23466881531081676
11,42100406,Damion Lee,0.0,0.0,0.0,0.0,0.0,0.0,"JUN 16, 2022",GSW @ BOS,W,0.667,103,0.14416052276234562,0.19464605523612027,0.23466881531081676
12,42100406,Moses Moody,0.0,0.0,0.0,0.0,0.0,0.0,"JUN 16, 2022",GSW @ BOS,W,0.667,103,0.14416052276234562,0.19464605523612027,0.23466881531081676
13,42100406,Juan Toscano-Anderson,0.0,0.0,0.0,0.0,0.0,0.0,"JUN 16, 2022",GSW @ BOS,W,0.667,103,0.14416052276234562,0.19464605523612027,0.23466881531081676
0,42100405,Andrew Wiggins,42.53333333333333,0.17722222222222223,26.0,0.25,1105.8666666666666,0.318958596720618,"JUN 13, 2022",GSW vs. BOS,W,0.6,104,0.1286337094907408,0.17252218934911243,0.21153225953342047
1,42100405,Otto Porter Jr.,14.616666666666667,0.06090277777777778,2.0,0.019230769230769232,29.233333333333334,0.008431597821436642,"JUN 13, 2022",GSW vs. BOS,W,0.6,104,0.1286337094907408,0.17252218934911243,0.21153225953342047
2,42100405,Draymond Green,34.983333333333334,0.1457638888888889,8.0,0.07692307692307693,279.8666666666667,0.08072029111605707,"JUN 13, 2022",GSW vs. BOS,W,0.6,104,0.1286337094907408,0.17252218934911243,0.21153225953342047
3,42100405,Klay Thompson,39.63333333333333,0.1651388888888889,21.0,0.20192307692307693,832.3,0.2400553774269686,"JUN 13, 2022",GSW vs. BOS,W,0.6,104,0.1286337094907408,0.17252218934911243,0.21153225953342047
4,42100405,Stephen Curry,37.13333333333333,0.15472222222222223,16.0,0.15384615384615385,594.1333333333333,0.17136237123065756,"JUN 13, 2022",GSW vs. BOS,W,0.6,104,0.1286337094907408,0.17252218934911243,0.21153225953342047
5,42100405,Kevon Looney,16.75,0.06979166666666667,2.0,0.019230769230769232,33.5,0.009662207309628077,"JUN 13, 2022",GSW vs. BOS,W,0.6,104,0.1286337094907408,0.17252218934911243,0.21153225953342047
6,42100405,Gary Payton II,26.15,0.10895833333333332,15.0,0.14423076923076922,392.25,0.11313435275228698,"JUN 13, 2022",GSW vs. BOS,W,0.6,104,0.1286337094907408,0.17252218934911243,0.21153225953342047
7,42100405,Andre Iguodala,3.9333333333333336,0.01638888888888889,0.0,0.0,0.0,0.0,"JUN 13, 2022",GSW vs. BOS,W,0.6,104,0.1286337094907408,0.17252218934911243,0.21153225953342047
8,42100405,Jordan Poole,14.283333333333333,0.05951388888888889,14.0,0.1346153846153846,199.96666666666667,0.057675205622347105,"JUN 13, 2022",GSW vs. BOS,W,0.6,104,0.1286337094907408,0.17252218934911243,0.21153225953342047
9,42100405,Nemanja Bjelica,4.716666666666667,0.01965277777777778,0.0,0.0,0.0,0.0,"JUN 13, 2022",GSW vs. BOS,W,0.6,104,0.1286337094907408,0.17252218934911243,0.21153225953342047
10,42100405,Damion Lee,1.3166666666666667,0.005486111111111111,0.0,0.0,0.0,0.0,"JUN 13, 2022",GSW vs. BOS,W,0.6,104,0.1286337094907408,0.17252218934911243,0.21153225953342047
11,42100405,Moses Moody,1.3166666666666667,0.005486111111111111,0.0,0.0,0.0,0.0,"JUN 13, 2022",GSW vs. BOS,W,0.6,104,0.1286337094907408,0.17252218934911243,0.21153225953342047
12,42100405,Jonathan Kuminga,1.3166666666666667,0.005486111111111111,0.0,0.0,0.0,0.0,"JUN 13, 2022",GSW vs. BOS,W,0.6,104,0.1286337094907408,0.17252218934911243,0.21153225953342047
13,42100405,Juan Toscano-Anderson,1.3166666666666667,0.005486111111111111,0.0,0.0,0.0,0.0,"JUN 13, 2022",GSW vs. BOS,W,0.6,104,0.1286337094907408,0.17252218934911243,0.21153225953342047
0,42100404,Andrew Wiggins,43.43333333333333,0.18095965557947363,17.0,0.1588785046728972,738.3666666666666,0.19310855872545385,"JUN 10, 2022",GSW @ BOS,W,0.5,107,0.1371218063023567,0.2381867412001048,0.29167876964355655
1,42100404,Otto Porter Jr.,14.5,0.06041247135615583,2.0,0.018691588785046728,29.0,0.007584508423599155,"JUN 10, 2022",GSW @ BOS,W,0.5,107,0.1371218063023567,0.2381867412001048,0.29167876964355655
2,42100404,Draymond Green,32.96666666666667,0.13735157280744395,2.0,0.018691588785046728,65.93333333333334,0.017243859381470265,"JUN 10, 2022",GSW @ BOS,W,0.5,107,0.1371218063023567,0.2381867412001048,0.29167876964355655
3,42100404,Klay Thompson,40.81666666666667,0.17005763488646625,18.0,0.16822429906542055,734.7,0.19214959789028618,"JUN 10, 2022",GSW @ BOS,W,0.5,107,0.1371218063023567,0.2381867412001048,0.29167876964355655
4,42100404,Stephen Curry,40.68333333333333,0.16950211790847858,43.0,0.40186915887850466,1749.3833333333332,0.4575245733714012,"JUN 10, 2022",GSW @ BOS,W,0.5,107,0.1371218063023567,0.2381867412001048,0.29167876964355655
5,42100404,Kevon Looney,28.166666666666668,0.11735296159988891,6.0,0.056074766355140186,169.0,0.04419937667545715,"JUN 10, 2022",GSW @ BOS,W,0.5,107,0.1371218063023567,0.2381867412001048,0.29167876964355655
6,42100404,Gary Payton II,9.9,0.041247135615582256,5.0,0.04672897196261682,49.5,0.012945971274764075,"JUN 10, 2022",GSW @ BOS,W,0.5,107,0.1371218063023567,0.2381867412001048,0.29167876964355655
7,42100404,Jordan Poole,20.55,0.08561905423234499,14.0,0.1308411214953271,287.7,0.07524355425756817,"JUN 10, 2022",GSW @ BOS,W,0.5,107,0.1371218063023567,0.2381867412001048,0.29167876964355655
8,42100404,Nemanja Bjelica,9.0,0.037497396014165685,0.0,0.0,0.0,0.0,"JUN 10, 2022",GSW @ BOS,W,0.5,107,0.1371218063023567,0.2381867412001048,0.29167876964355655
9,42100404,Andre Iguodala,0.0,0.0,0.0,0.0,0.0,0.0,"JUN 10, 2022",GSW @ BOS,W,0.5,107,0.1371218063023567,0.2381867412001048,0.29167876964355655
10,42100404,Jonathan Kuminga,0.0,0.0,0.0,0.0,0.0,0.0,"JUN 10, 2022",GSW @ BOS,W,0.5,107,0.1371218063023567,0.2381867412001048,0.29167876964355655
11,42100404,Damion Lee,0.0,0.0,0.0,0.0,0.0,0.0,"JUN 10, 2022",GSW @ BOS,W,0.5,107,0.1371218063023567,0.2381867412001048,0.29167876964355655
12,42100404,Moses Moody,0.0,0.0,0.0,0.0,0.0,0.0,"JUN 10, 2022",GSW @ BOS,W,0.5,107,0.1371218063023567,0.2381867412001048,0.29167876964355655
13,42100404,Juan Toscano-Anderson,0.0,0.0,0.0,0.0,0.0,0.0,"JUN 10, 2022",GSW @ BOS,W,0.5,107,0.1371218063023567,0.2381867412001048,0.29167876964355655
0,42100403,Andrew Wiggins,40.36666666666667,0.16819444444444448,18.0,0.18,726.6,0.2125659453713907,"JUN 08, 2022",GSW @ BOS,L,0.333,100,0.12565101273148155,0.20900000000000002,0.24791881628102008
1,42100403,Draymond Green,34.78333333333333,0.14493055555555556,2.0,0.02,69.56666666666666,0.0203516436365764,"JUN 08, 2022",GSW @ BOS,L,0.333,100,0.12565101273148155,0.20900000000000002,0.24791881628102008
2,42100403,Kevon Looney,16.816666666666666,0.07006944444444445,6.0,0.06,100.9,0.029518172155206884,"JUN 08, 2022",GSW @ BOS,L,0.333,100,0.12565101273148155,0.20900000000000002,0.24791881628102008
3,42100403,Klay Thompson,39.03333333333333,0.1626388888888889,25.0,0.25,975.8333333333333,0.2854788535988376,"JUN 08, 2022",GSW @ BOS,L,0.333,100,0.12565101273148155,0.20900000000000002,0.24791881628102008
4,42100403,Stephen Curry,37.13333333333333,0.15472222222222223,31.0,0.31,1151.1333333333332,0.33676265517275006,"JUN 08, 2022",GSW @ BOS,L,0.333,100,0.12565101273148155,0.20900000000000002,0.24791881628102008
5,42100403,Gary Payton II,11.416666666666666,0.04756944444444445,2.0,0.02,22.833333333333332,0.006679863867299872,"JUN 08, 2022",GSW @ BOS,L,0.333,100,0.12565101273148155,0.20900000000000002,0.24791881628102008
6,42100403,Otto Porter Jr.,21.116666666666667,0.08798611111111113,6.0,0.06,126.7,0.03706593074395156,"JUN 08, 2022",GSW @ BOS,L,0.333,100,0.12565101273148155,0.20900000000000002,0.24791881628102008
7,42100403,Jordan Poole,24.466666666666665,0.10194444444444445,10.0,0.1,244.66666666666666,0.07157693545398695,"JUN 08, 2022",GSW @ BOS,L,0.333,100,0.12565101273148155,0.20900000000000002,0.24791881628102008
8,42100403,Andre Iguodala,2.15,0.008958333333333334,0.0,0.0,0.0,0.0,"JUN 08, 2022",GSW @ BOS,L,0.333,100,0.12565101273148155,0.20900000000000002,0.24791881628102008
9,42100403,Nemanja Bjelica,3.45,0.014375000000000002,0.0,0.0,0.0,0.0,"JUN 08, 2022",GSW @ BOS,L,0.333,100,0.12565101273148155,0.20900000000000002,0.24791881628102008
10,42100403,Moses Moody,2.3166666666666664,0.009652777777777777,0.0,0.0,0.0,0.0,"JUN 08, 2022",GSW @ BOS,L,0.333,100,0.12565101273148155,0.20900000000000002,0.24791881628102008
11,42100403,Jonathan Kuminga,2.3166666666666664,0.009652777777777777,0.0,0.0,0.0,0.0,"JUN 08, 2022",GSW @ BOS,L,0.333,100,0.12565101273148155,0.20900000000000002,0.24791881628102008
12,42100403,Damion Lee,2.3166666666666664,0.009652777777777777,0.0,0.0,0.0,0.0,"JUN 08, 2022",GSW @ BOS,L,0.333,100,0.12565101273148155,0.20900000000000002,0.24791881628102008
13,42100403,Juan Toscano-Anderson,2.3166666666666664,0.009652777777777777,0.0,0.0,0.0,0.0,"JUN 08, 2022",GSW @ BOS,L,0.333,100,0.12565101273148155,0.20900000000000002,0.24791881628102008
0,42100402,Andrew Wiggins,30.5,0.12708333333333333,11.0,0.102803738317757,335.5,0.11742265154696907,"JUN 05, 2022",GSW vs. BOS,W,0.5,107,0.10648096064814812,0.14804786444230936,0.17710206589652333
1,42100402,Draymond Green,34.88333333333333,0.1453472222222222,9.0,0.08411214953271028,313.95,0.10988030239395212,"JUN 05, 2022",GSW vs. BOS,W,0.5,107,0.10648096064814812,0.14804786444230936,0.17710206589652333
2,42100402,Kevon Looney,21.366666666666667,0.08902777777777778,12.0,0.11214953271028037,256.4,0.08973820523589528,"JUN 05, 2022",GSW vs. BOS,W,0.5,107,0.10648096064814812,0.14804786444230936,0.17710206589652333
3,42100402,Klay Thompson,30.45,0.126875,11.0,0.102803738317757,334.95,0.11723015539689206,"JUN 05, 2022",GSW vs. BOS,W,0.5,107,0.10648096064814812,0.14804786444230936,0.17710206589652333
4,42100402,Stephen Curry,32.18333333333333,0.1340972222222222,29.0,0.27102803738317754,933.3166666666666,0.3266543002473284,"JUN 05, 2022",GSW vs. BOS,W,0.5,107,0.10648096064814812,0.14804786444230936,0.17710206589652333
5,42100402,Jordan Poole,22.633333333333333,0.09430555555555556,17.0,0.1588785046728972,384.76666666666665,0.13466564002053294,"JUN 05, 2022",GSW vs. BOS,W,0.5,107,0.10648096064814812,0.14804786444230936,0.17710206589652333
6,42100402,Gary Payton II,25.316666666666666,0.10548611111111111,7.0,0.06542056074766354,177.21666666666667,0.06202459284147651,"JUN 05, 2022",GSW vs. BOS,W,0.5,107,0.10648096064814812,0.14804786444230936,0.17710206589652333
7,42100402,Otto Porter Jr.,14.866666666666667,0.06194444444444445,3.0,0.028037383177570093,44.6,0.015609687806243876,"JUN 05, 2022",GSW vs. BOS,W,0.5,107,0.10648096064814812,0.14804786444230936,0.17710206589652333
8,42100402,Nemanja Bjelica,10.6,0.04416666666666667,6.0,0.056074766355140186,63.599999999999994,0.02225955480890382,"JUN 05, 2022",GSW vs. BOS,W,0.5,107,0.10648096064814812,0.14804786444230936,0.17710206589652333
9,42100402,Moses Moody,6.45,0.026875,2.0,0.018691588785046728,12.9,0.004514909701805964,"JUN 05, 2022",GSW vs. BOS,W,0.5,107,0.10648096064814812,0.14804786444230936,0.17710206589652333
10,42100402,Juan Toscano-Anderson,3.5833333333333335,0.014930555555555556,0.0,0.0,0.0,0.0,"JUN 05, 2022",GSW vs. BOS,W,0.5,107,0.10648096064814812,0.14804786444230936,0.17710206589652333
11,42100402,Damion Lee,3.5833333333333335,0.014930555555555556,0.0,0.0,0.0,0.0,"JUN 05, 2022",GSW vs. BOS,W,0.5,107,0.10648096064814812,0.14804786444230936,0.17710206589652333
12,42100402,Jonathan Kuminga,3.5833333333333335,0.014930555555555556,0.0,0.0,0.0,0.0,"JUN 05, 2022",GSW vs. BOS,W,0.5,107,0.10648096064814812,0.14804786444230936,0.17710206589652333
0,42100401,Andrew Wiggins,34.9,0.1454267657476213,20.0,0.18518518518518517,698.0,0.20350150876834938,"JUN 02, 2022",GSW vs. BOS,L,0.0,108,0.13215160510260096,0.1796982167352538,0.22870473733901786
1,42100401,Draymond Green,38.03333333333333,0.15848322800194453,4.0,0.037037037037037035,152.13333333333333,0.04435438806202228,"JUN 02, 2022",GSW vs. BOS,L,0.0,108,0.13215160510260096,0.1796982167352538,0.22870473733901786
2,42100401,Kevon Looney,25.283333333333335,0.10535453850961869,4.0,0.037037037037037035,101.13333333333334,0.029485366647715953,"JUN 02, 2022",GSW vs. BOS,L,0.0,108,0.13215160510260096,0.1796982167352538,0.22870473733901786
3,42100401,Klay Thompson,38.95,0.1623029377040072,15.0,0.1388888888888889,584.25,0.17033776002565634,"JUN 02, 2022",GSW vs. BOS,L,0.0,108,0.13215160510260096,0.1796982167352538,0.22870473733901786
4,42100401,Stephen Curry,38.25,0.15938606847697753,34.0,0.3148148148148148,1300.5,0.3791600460648114,"JUN 02, 2022",GSW vs. BOS,L,0.0,108,0.13215160510260096,0.1796982167352538,0.22870473733901786
5,42100401,Jordan Poole,25.033333333333335,0.10431279949996525,9.0,0.08333333333333333,225.3,0.06568608871849443,"JUN 02, 2022",GSW vs. BOS,L,0.0,108,0.13215160510260096,0.1796982167352538,0.22870473733901786
6,42100401,Otto Porter Jr.,23.5,0.0979234669074241,12.0,0.1111111111111111,282.0,0.08221694193792911,"JUN 02, 2022",GSW vs. BOS,L,0.0,108,0.13215160510260096,0.1796982167352538,0.22870473733901786
7,42100401,Andre Iguodala,12.033333333333333,0.050142370997985956,7.0,0.06481481481481481,84.23333333333333,0.024558181120230126,"JUN 02, 2022",GSW vs. BOS,L,0.0,108,0.13215160510260096,0.1796982167352538,0.22870473733901786
8,42100401,Jonathan Kuminga,0.8,0.0033335648308910333,0.0,0.0,0.0,0.0,"JUN 02, 2022",GSW vs. BOS,L,0.0,108,0.13215160510260096,0.1796982167352538,0.22870473733901786
9,42100401,Juan Toscano-Anderson,0.8,0.0033335648308910333,0.0,0.0,0.0,0.0,"JUN 02, 2022",GSW vs. BOS,L,0.0,108,0.13215160510260096,0.1796982167352538,0.22870473733901786
10,42100401,Damion Lee,0.8,0.0033335648308910333,0.0,0.0,0.0,0.0,"JUN 02, 2022",GSW vs. BOS,L,0.0,108,0.13215160510260096,0.1796982167352538,0.22870473733901786
11,42100401,Nemanja Bjelica,0.8,0.0033335648308910333,3.0,0.027777777777777776,2.4000000000000004,0.0006997186547908862,"JUN 02, 2022",GSW vs. BOS,L,0.0,108,0.13215160510260096,0.1796982167352538,0.22870473733901786
12,42100401,Moses Moody,0.8,0.0033335648308910333,0.0,0.0,0.0,0.0,"JUN 02, 2022",GSW vs. BOS,L,0.0,108,0.13215160510260096,0.1796982167352538,0.22870473733901786
13,42100401,Gary Payton II,0.0,0.0,0.0,0.0,0.0,0.0,"JUN 02, 2022",GSW vs. BOS,L,0.0,108,0.13215160510260096,0.1796982167352538,0.22870473733901786
0,42100315,Andrew Wiggins,40.05,0.16687499999999997,18.0,0.15,720.9,0.18408229100612414,"MAY 26, 2022",GSW vs. DAL,W,0.8,120,0.13086932870370369,0.15916666666666668,0.18406836809516777
1,42100315,Draymond Green,31.4,0.1308333333333333,17.0,0.14166666666666666,533.8,0.13630618246507015,"MAY 26, 2022",GSW vs. DAL,W,0.8,120,0.13086932870370369,0.15916666666666668,0.18406836809516777
2,42100315,Kevon Looney,30.716666666666665,0.12798611111111108,10.0,0.08333333333333333,307.16666666666663,0.07843521115371684,"MAY 26, 2022",GSW vs. DAL,W,0.8,120,0.13086932870370369,0.15916666666666668,0.18406836809516777
3,42100315,Klay Thompson,37.333333333333336,0.15555555555555556,32.0,0.26666666666666666,1194.6666666666667,0.3050589221648629,"MAY 26, 2022",GSW vs. DAL,W,0.8,120,0.13086932870370369,0.15916666666666668,0.18406836809516777
4,42100315,Stephen Curry,34.81666666666667,0.14506944444444445,15.0,0.125,522.25,0.13335688233867157,"MAY 26, 2022",GSW vs. DAL,W,0.8,120,0.13086932870370369,0.15916666666666668,0.18406836809516777
5,42100315,Jordan Poole,28.416666666666668,0.11840277777777777,16.0,0.13333333333333333,454.6666666666667,0.11609943354711859,"MAY 26, 2022",GSW vs. DAL,W,0.8,120,0.13086932870370369,0.15916666666666668,0.18406836809516777
6,42100315,Nemanja Bjelica,21.683333333333334,0.09034722222222222,5.0,0.041666666666666664,108.41666666666667,0.02768426742023484,"MAY 26, 2022",GSW vs. DAL,W,0.8,120,0.13086932870370369,0.15916666666666668,0.18406836809516777
7,42100315,Juan Toscano-Anderson,1.7333333333333334,0.007222222222222222,0.0,0.0,0.0,0.0,"MAY 26, 2022",GSW vs. DAL,W,0.8,120,0.13086932870370369,0.15916666666666668,0.18406836809516777
8,42100315,Moses Moody,10.616666666666667,0.04423611111111111,7.0,0.058333333333333334,74.31666666666666,0.018976809904200944,"MAY 26, 2022",GSW vs. DAL,W,0.8,120,0.13086932870370369,0.15916666666666668,0.18406836809516777
9,42100315,Jonathan Kuminga,1.6166666666666667,0.00673611111111111,0.0,0.0,0.0,0.0,"MAY 26, 2022",GSW vs. DAL,W,0.8,120,0.13086932870370369,0.15916666666666668,0.18406836809516777
10,42100315,Damion Lee,1.6166666666666667,0.00673611111111111,0.0,0.0,0.0,0.0,"MAY 26, 2022",GSW vs. DAL,W,0.8,120,0.13086932870370369,0.15916666666666668,0.18406836809516777
0,42100314,Andrew Wiggins,30.533333333333335,0.12722222222222224,13.0,0.11926605504587157,396.93333333333334,0.1392919598313243,"MAY 24, 2022",GSW @ DAL,L,0.75,109,0.1058643036265432,0.12280111101759114,0.13852897476165177
1,42100314,Draymond Green,25.85,0.10770833333333334,10.0,0.09174311926605505,258.5,0.09071289456599933,"MAY 24, 2022",GSW @ DAL,L,0.75,109,0.1058643036265432,0.12280111101759114,0.13852897476165177
2,42100314,Kevon Looney,19.8,0.0825,3.0,0.027522935779816515,59.400000000000006,0.02084466513431474,"MAY 24, 2022",GSW @ DAL,L,0.75,109,0.1058643036265432,0.12280111101759114,0.13852897476165177
3,42100314,Klay Thompson,28.15,0.11729166666666666,12.0,0.11009174311926606,337.79999999999995,0.11854087344059795,"MAY 24, 2022",GSW @ DAL,L,0.75,109,0.1058643036265432,0.12280111101759114,0.13852897476165177
4,42100314,Stephen Curry,32.55,0.135625,20.0,0.1834862385321101,651.0,0.22844910778516658,"MAY 24, 2022",GSW @ DAL,L,0.75,109,0.1058643036265432,0.12280111101759114,0.13852897476165177
5,42100314,Jordan Poole,28.6,0.11916666666666667,14.0,0.12844036697247707,400.40000000000003,0.14050848349797343,"MAY 24, 2022",GSW @ DAL,L,0.75,109,0.1058643036265432,0.12280111101759114,0.13852897476165177
6,42100314,Jonathan Kuminga,21.65,0.09020833333333332,17.0,0.1559633027522936,368.04999999999995,0.12915621216640638,"MAY 24, 2022",GSW @ DAL,L,0.75,109,0.1058643036265432,0.12280111101759114,0.13852897476165177
7,42100314,Moses Moody,22.683333333333334,0.09451388888888888,10.0,0.09174311926605505,226.83333333333334,0.07960041876487756,"MAY 24, 2022",GSW @ DAL,L,0.75,109,0.1058643036265432,0.12280111101759114,0.13852897476165177
8,42100314,Damion Lee,15.233333333333333,0.06347222222222222,6.0,0.05504587155963303,91.39999999999999,0.032074114364922,"MAY 24, 2022",GSW @ DAL,L,0.75,109,0.1058643036265432,0.12280111101759114,0.13852897476165177
9,42100314,Juan Toscano-Anderson,0.11666666666666667,0.0004861111111111111,0.0,0.0,0.0,0.0,"MAY 24, 2022",GSW @ DAL,L,0.75,109,0.1058643036265432,0.12280111101759114,0.13852897476165177
10,42100314,Nemanja Bjelica,14.833333333333334,0.06180555555555556,4.0,0.03669724770642202,59.333333333333336,0.020821270448417643,"MAY 24, 2022",GSW @ DAL,L,0.75,109,0.1058643036265432,0.12280111101759114,0.13852897476165177
0,42100313,Andrew Wiggins,39.8,0.16583333333333333,27.0,0.24770642201834864,1074.6,0.2708904900951621,"MAY 22, 2022",GSW @ DAL,W,1.0,109,0.13821300154320987,0.1967006144263951,0.21933718731254365
1,42100313,Draymond Green,36.93333333333333,0.15388888888888888,10.0,0.09174311926605505,369.3333333333333,0.0931033758376573,"MAY 22, 2022",GSW @ DAL,W,1.0,109,0.13821300154320987,0.1967006144263951,0.21933718731254365
2,42100313,Kevon Looney,29.183333333333334,0.12159722222222222,9.0,0.08256880733944955,262.65,0.06621011280801631,"MAY 22, 2022",GSW @ DAL,W,1.0,109,0.13821300154320987,0.1967006144263951,0.21933718731254365
3,42100313,Klay Thompson,39.03333333333333,0.1626388888888889,19.0,0.1743119266055046,741.6333333333333,0.18695460370144742,"MAY 22, 2022",GSW @ DAL,W,1.0,109,0.13821300154320987,0.1967006144263951,0.21933718731254365
4,42100313,Stephen Curry,39.016666666666666,0.16256944444444443,31.0,0.28440366972477066,1209.5166666666667,0.3049009516206962,"MAY 22, 2022",GSW @ DAL,W,1.0,109,0.13821300154320987,0.1967006144263951,0.21933718731254365
5,42100313,Jordan Poole,27.933333333333334,0.11638888888888889,10.0,0.09174311926605505,279.3333333333333,0.07041573010104406,"MAY 22, 2022",GSW @ DAL,W,1.0,109,0.13821300154320987,0.1967006144263951,0.21933718731254365
6,42100313,Otto Porter Jr.,6.816666666666666,0.028402777777777777,2.0,0.01834862385321101,13.633333333333333,0.003436758187509191,"MAY 22, 2022",GSW @ DAL,W,1.0,109,0.13821300154320987,0.1967006144263951,0.21933718731254365
7,42100313,Moses Moody,16.216666666666665,0.06756944444444443,1.0,0.009174311926605505,16.216666666666665,0.004087977648467534,"MAY 22, 2022",GSW @ DAL,W,1.0,109,0.13821300154320987,0.1967006144263951,0.21933718731254365
8,42100313,Juan Toscano-Anderson,5.066666666666666,0.021111111111111112,0.0,0.0,0.0,0.0,"MAY 22, 2022",GSW @ DAL,W,1.0,109,0.13821300154320987,0.1967006144263951,0.21933718731254365
9,42100313,Nemanja Bjelica,0.0,0.0,0.0,0.0,0.0,0.0,"MAY 22, 2022",GSW @ DAL,W,1.0,109,0.13821300154320987,0.1967006144263951,0.21933718731254365
10,42100313,Jonathan Kuminga,0.0,0.0,0.0,0.0,0.0,0.0,"MAY 22, 2022",GSW @ DAL,W,1.0,109,0.13821300154320987,0.1967006144263951,0.21933718731254365
11,42100313,Damion Lee,0.0,0.0,0.0,0.0,0.0,0.0,"MAY 22, 2022",GSW @ DAL,W,1.0,109,0.13821300154320987,0.1967006144263951,0.21933718731254365
0,42100312,Andrew Wiggins,38.016666666666666,0.15839177834872578,16.0,0.12698412698412698,608.2666666666667,0.14684037305566058,"MAY 20, 2022",GSW vs. DAL,W,1.0,126,0.13127638941313904,0.16603678508440411,0.1794785077309658
1,42100312,Draymond Green,28.4,0.11832511631136727,6.0,0.047619047619047616,170.39999999999998,0.041135904595601534,"MAY 20, 2022",GSW vs. DAL,W,1.0,126,0.13127638941313904,0.16603678508440411,0.1794785077309658
2,42100312,Kevon Looney,32.2,0.134157350184015,21.0,0.16666666666666666,676.2,0.16324001577198216,"MAY 20, 2022",GSW vs. DAL,W,1.0,126,0.13127638941313904,0.16603678508440411,0.1794785077309658
3,42100312,Klay Thompson,37.28333333333333,0.15533643496979377,15.0,0.11904761904761904,559.25,0.13500736294066995,"MAY 20, 2022",GSW vs. DAL,W,1.0,126,0.13127638941313904,0.16603678508440411,0.1794785077309658
4,42100312,Stephen Curry,37.016666666666666,0.15422540101381849,32.0,0.25396825396825395,1184.5333333333333,0.2859556936051049,"MAY 20, 2022",GSW vs. DAL,W,1.0,126,0.13127638941313904,0.16603678508440411,0.1794785077309658
5,42100312,Jordan Poole,28.783333333333335,0.11992222762308175,23.0,0.18253968253968253,662.0166666666667,0.1598160471871957,"MAY 20, 2022",GSW vs. DAL,W,1.0,126,0.13127638941313904,0.16603678508440411,0.1794785077309658
6,42100312,Otto Porter Jr.,23.866666666666667,0.09943753905978753,11.0,0.0873015873015873,262.53333333333336,0.06337761826974916,"MAY 20, 2022",GSW vs. DAL,W,1.0,126,0.13127638941313904,0.16603678508440411,0.1794785077309658
7,42100312,Damion Lee,4.866666666666667,0.020276369696548856,0.0,0.0,0.0,0.0,"MAY 20, 2022",GSW vs. DAL,W,1.0,126,0.13127638941313904,0.16603678508440411,0.1794785077309658
8,42100312,Moses Moody,9.583333333333334,0.03992778279286161,2.0,0.015873015873015872,19.166666666666668,0.004626984574035776,"MAY 20, 2022",GSW vs. DAL,W,1.0,126,0.13127638941313904,0.16603678508440411,0.1794785077309658
9,42100312,Nemanja Bjelica,0.0,0.0,0.0,0.0,0.0,0.0,"MAY 20, 2022",GSW vs. DAL,W,1.0,126,0.13127638941313904,0.16603678508440411,0.1794785077309658
10,42100312,Jonathan Kuminga,0.0,0.0,0.0,0.0,0.0,0.0,"MAY 20, 2022",GSW vs. DAL,W,1.0,126,0.13127638941313904,0.16603678508440411,0.1794785077309658
11,42100312,Juan Toscano-Anderson,0.0,0.0,0.0,0.0,0.0,0.0,"MAY 20, 2022",GSW vs. DAL,W,1.0,126,0.13127638941313904,0.16603678508440411,0.1794785077309658
0,42100311,Andrew Wiggins,35.15,0.1464583333333333,19.0,0.16964285714285715,667.85,0.20868247413016422,"MAY 18, 2022",GSW vs. DAL,W,1.0,112,0.11297748842592586,0.1363201530612245,0.15636445278604882
1,42100311,Draymond Green,28.833333333333332,0.12013888888888885,10.0,0.08928571428571429,288.3333333333333,0.09009525099078737,"MAY 18, 2022",GSW vs. DAL,W,1.0,112,0.11297748842592586,0.1363201530612245,0.15636445278604882
2,42100311,Kevon Looney,28.35,0.11812499999999998,10.0,0.08928571428571429,283.5,0.08858498377764701,"MAY 18, 2022",GSW vs. DAL,W,1.0,112,0.11297748842592586,0.1363201530612245,0.15636445278604882
3,42100311,Klay Thompson,34.56666666666667,0.14402777777777775,15.0,0.13392857142857142,518.5,0.16201521724412687,"MAY 18, 2022",GSW vs. DAL,W,1.0,112,0.11297748842592586,0.1363201530612245,0.15636445278604882
4,42100311,Stephen Curry,30.733333333333334,0.12805555555555553,21.0,0.1875,645.4,0.20166754331602602,"MAY 18, 2022",GSW vs. DAL,W,1.0,112,0.11297748842592586,0.1363201530612245,0.15636445278604882
5,42100311,Jordan Poole,26.316666666666666,0.10965277777777775,19.0,0.16964285714285715,500.01666666666665,0.15623974710835906,"MAY 18, 2022",GSW vs. DAL,W,1.0,112,0.11297748842592586,0.1363201530612245,0.15636445278604882
6,42100311,Otto Porter Jr.,23.416666666666668,0.09756944444444443,10.0,0.08928571428571429,234.16666666666669,0.07316984256766258,"MAY 18, 2022",GSW vs. DAL,W,1.0,112,0.11297748842592586,0.1363201530612245,0.15636445278604882
7,42100311,Damion Lee,12.433333333333334,0.05180555555555554,3.0,0.026785714285714284,37.3,0.01165509663106255,"MAY 18, 2022",GSW vs. DAL,W,1.0,112,0.11297748842592586,0.1363201530612245,0.15636445278604882
8,42100311,Juan Toscano-Anderson,5.05,0.02104166666666666,0.0,0.0,0.0,0.0,"MAY 18, 2022",GSW vs. DAL,W,1.0,112,0.11297748842592586,0.1363201530612245,0.15636445278604882
9,42100311,Moses Moody,5.05,0.02104166666666666,3.0,0.026785714285714284,15.149999999999999,0.004733906540498596,"MAY 18, 2022",GSW vs. DAL,W,1.0,112,0.11297748842592586,0.1363201530612245,0.15636445278604882
10,42100311,Nemanja Bjelica,5.05,0.02104166666666666,0.0,0.0,0.0,0.0,"MAY 18, 2022",GSW vs. DAL,W,1.0,112,0.11297748842592586,0.1363201530612245,0.15636445278604882
11,42100311,Jonathan Kuminga,5.05,0.02104166666666666,2.0,0.017857142857142856,10.1,0.003155937693665731,"MAY 18, 2022",GSW vs. DAL,W,1.0,112,0.11297748842592586,0.1363201530612245,0.15636445278604882
0,42100236,Andrew Wiggins,41.3,0.1720833333333333,18.0,0.16363636363636364,743.4,0.17788590001794652,"MAY 13, 2022",GSW vs. MEM,W,0.667,110,0.1492203221450617,0.2008264462809917,0.22377565491935472
1,42100236,Draymond Green,38.75,0.16145833333333331,14.0,0.12727272727272726,542.5,0.1298131567927576,"MAY 13, 2022",GSW vs. MEM,W,0.667,110,0.1492203221450617,0.2008264462809917,0.22377565491935472
2,42100236,Kevon Looney,35.2,0.14666666666666667,4.0,0.03636363636363636,140.8,0.03369159903487608,"MAY 13, 2022",GSW vs. MEM,W,0.667,110,0.1492203221450617,0.2008264462809917,0.22377565491935472
3,42100236,Klay Thompson,42.1,0.17541666666666667,30.0,0.2727272727272727,1263.0,0.3022193862290375,"MAY 13, 2022",GSW vs. MEM,W,0.667,110,0.1492203221450617,0.2008264462809917,0.22377565491935472
4,42100236,Stephen Curry,40.21666666666667,0.16756944444444444,29.0,0.2636363636363636,1166.2833333333333,0.27907635246964047,"MAY 13, 2022",GSW vs. MEM,W,0.667,110,0.1492203221450617,0.2008264462809917,0.22377565491935472
5,42100236,Jordan Poole,24.3,0.10124999999999999,12.0,0.10909090909090909,291.6,0.06977606731938824,"MAY 13, 2022",GSW vs. MEM,W,0.667,110,0.1492203221450617,0.2008264462809917,0.22377565491935472
6,42100236,Damion Lee,10.5,0.04375,3.0,0.02727272727272727,31.5,0.007537538136353667,"MAY 13, 2022",GSW vs. MEM,W,0.667,110,0.1492203221450617,0.2008264462809917,0.22377565491935472
7,42100236,Nemanja Bjelica,7.633333333333333,0.03180555555555555,0.0,0.0,0.0,0.0,"MAY 13, 2022",GSW vs. MEM,W,0.667,110,0.1492203221450617,0.2008264462809917,0.22377565491935472
8,42100236,Jonathan Kuminga,0.0,0.0,0.0,0.0,0.0,0.0,"MAY 13, 2022",GSW vs. MEM,W,0.667,110,0.1492203221450617,0.2008264462809917,0.22377565491935472
9,42100236,Moses Moody,0.0,0.0,0.0,0.0,0.0,0.0,"MAY 13, 2022",GSW vs. MEM,W,0.667,110,0.1492203221450617,0.2008264462809917,0.22377565491935472
10,42100236,Juan Toscano-Anderson,0.0,0.0,0.0,0.0,0.0,0.0,"MAY 13, 2022",GSW vs. MEM,W,0.667,110,0.1492203221450617,0.2008264462809917,0.22377565491935472
0,42100235,Andrew Wiggins,19.416666666666668,0.0809027777777778,5.0,0.05263157894736842,97.08333333333334,0.045768478286491034,"MAY 11, 2022",GSW @ MEM,L,0.6,95,0.08666019483024694,0.12842105263157896,0.14370752539973106
1,42100235,Jonathan Kuminga,23.9,0.09958333333333334,17.0,0.17894736842105263,406.29999999999995,0.19154402809752416,"MAY 11, 2022",GSW @ MEM,L,0.6,95,0.08666019483024694,0.12842105263157896,0.14370752539973106
2,42100235,Draymond Green,22.233333333333334,0.09263888888888891,5.0,0.05263157894736842,111.16666666666667,0.05240785410659145,"MAY 11, 2022",GSW @ MEM,L,0.6,95,0.08666019483024694,0.12842105263157896,0.14370752539973106
3,42100235,Klay Thompson,25.35,0.10562500000000002,19.0,0.2,481.65000000000003,0.22706665304743423,"MAY 11, 2022",GSW @ MEM,L,0.6,95,0.08666019483024694,0.12842105263157896,0.14370752539973106
4,42100235,Stephen Curry,25.0,0.10416666666666669,14.0,0.14736842105263157,350.0,0.165002239316105,"MAY 11, 2022",GSW @ MEM,L,0.6,95,0.08666019483024694,0.12842105263157896,0.14370752539973106
5,42100235,Jordan Poole,19.95,0.083125,3.0,0.031578947368421054,59.849999999999994,0.028215382923053953,"MAY 11, 2022",GSW @ MEM,L,0.6,95,0.08666019483024694,0.12842105263157896,0.14370752539973106
6,42100235,Otto Porter Jr.,12.283333333333333,0.05118055555555556,0.0,0.0,0.0,0.0,"MAY 11, 2022",GSW @ MEM,L,0.6,95,0.08666019483024694,0.12842105263157896,0.14370752539973106
7,42100235,Kevon Looney,15.816666666666666,0.06590277777777778,2.0,0.021052631578947368,31.633333333333333,0.014913059534379394,"MAY 11, 2022",GSW @ MEM,L,0.6,95,0.08666019483024694,0.12842105263157896,0.14370752539973106
8,42100235,Damion Lee,23.633333333333333,0.09847222222222224,10.0,0.10526315789473684,236.33333333333331,0.11141579778582708,"MAY 11, 2022",GSW @ MEM,L,0.6,95,0.08666019483024694,0.12842105263157896,0.14370752539973106
9,42100235,Nemanja Bjelica,19.666666666666668,0.08194444444444446,5.0,0.05263157894736842,98.33333333333334,0.04635777199833427,"MAY 11, 2022",GSW @ MEM,L,0.6,95,0.08666019483024694,0.12842105263157896,0.14370752539973106
10,42100235,Moses Moody,17.016666666666666,0.07090277777777779,10.0,0.10526315789473684,170.16666666666666,0.080222517305592,"MAY 11, 2022",GSW @ MEM,L,0.6,95,0.08666019483024694,0.12842105263157896,0.14370752539973106
11,42100235,Juan Toscano-Anderson,15.733333333333333,0.06555555555555556,5.0,0.05263157894736842,78.66666666666666,0.037086217598667405,"MAY 11, 2022",GSW @ MEM,L,0.6,95,0.08666019483024694,0.12842105263157896,0.14370752539973106
0,42100234,Andrew Wiggins,39.45,0.16437500000000002,17.0,0.16831683168316833,670.6500000000001,0.19805484050381209,"MAY 09, 2022",GSW vs. MEM,W,0.75,101,0.132919319058642,0.18831487109106954,0.21905629084730605
1,42100234,Jonathan Kuminga,5.466666666666667,0.02277777777777778,0.0,0.0,0.0,0.0,"MAY 09, 2022",GSW vs. MEM,W,0.75,101,0.132919319058642,0.18831487109106954,0.21905629084730605
2,42100234,Draymond Green,32.81666666666667,0.1367361111111111,2.0,0.019801980198019802,65.63333333333334,0.019382687489848456,"MAY 09, 2022",GSW vs. MEM,W,0.75,101,0.132919319058642,0.18831487109106954,0.21905629084730605
3,42100234,Klay Thompson,38.416666666666664,0.16006944444444443,14.0,0.13861386138613863,537.8333333333333,0.1588317230313381,"MAY 09, 2022",GSW vs. MEM,W,0.75,101,0.132919319058642,0.18831487109106954,0.21905629084730605
4,42100234,Stephen Curry,37.7,0.15708333333333335,32.0,0.31683168316831684,1206.4,0.3562713182491596,"MAY 09, 2022",GSW vs. MEM,W,0.75,101,0.132919319058642,0.18831487109106954,0.21905629084730605
5,42100234,Jordan Poole,32.21666666666667,0.1342361111111111,14.0,0.13861386138613863,451.03333333333336,0.133198143435825,"MAY 09, 2022",GSW vs. MEM,W,0.75,101,0.132919319058642,0.18831487109106954,0.21905629084730605
6,42100234,Otto Porter Jr.,25.566666666666666,0.10652777777777778,12.0,0.1188118811881188,306.8,0.09060348179612247,"MAY 09, 2022",GSW vs. MEM,W,0.75,101,0.132919319058642,0.18831487109106954,0.21905629084730605
7,42100234,Kevon Looney,15.183333333333334,0.06326388888888888,8.0,0.07920792079207921,121.46666666666667,0.03587126115439704,"MAY 09, 2022",GSW vs. MEM,W,0.75,101,0.132919319058642,0.18831487109106954,0.21905629084730605
8,42100234,Damion Lee,13.183333333333334,0.05493055555555556,2.0,0.019801980198019802,26.366666666666667,0.007786544339497271,"MAY 09, 2022",GSW vs. MEM,W,0.75,101,0.132919319058642,0.18831487109106954,0.21905629084730605
9,42100234,Nemanja Bjelica,0.0,0.0,0.0,0.0,0.0,0.0,"MAY 09, 2022",GSW vs. MEM,W,0.75,101,0.132919319058642,0.18831487109106954,0.21905629084730605
10,42100234,Moses Moody,0.0,0.0,0.0,0.0,0.0,0.0,"MAY 09, 2022",GSW vs. MEM,W,0.75,101,0.132919319058642,0.18831487109106954,0.21905629084730605
11,42100234,Juan Toscano-Anderson,0.0,0.0,0.0,0.0,0.0,0.0,"MAY 09, 2022",GSW vs. MEM,W,0.75,101,0.132919319058642,0.18831487109106954,0.21905629084730605
0,42100233,Andrew Wiggins,25.65,0.10686757864037219,17.0,0.11971830985915492,436.04999999999995,0.11052624908644644,"MAY 07, 2022",GSW vs. MEM,W,0.667,142,0.10836486296094648,0.14570521721880578,0.1768779178538301
1,42100233,Jonathan Kuminga,17.583333333333332,0.07325880147211998,18.0,0.1267605633802817,316.5,0.08022373084705951,"MAY 07, 2022",GSW vs. MEM,W,0.667,142,0.10836486296094648,0.14570521721880578,0.1768779178538301
2,42100233,Draymond Green,26.783333333333335,0.11158947295326714,5.0,0.035211267605633804,133.91666666666669,0.03394405883918501,"MAY 07, 2022",GSW vs. MEM,W,0.667,142,0.10836486296094648,0.14570521721880578,0.1768779178538301
3,42100233,Klay Thompson,35.06666666666667,0.14610096521074925,21.0,0.14788732394366197,736.4000000000001,0.1866564151525265,"MAY 07, 2022",GSW vs. MEM,W,0.667,142,0.10836486296094648,0.14570521721880578,0.1768779178538301
4,42100233,Stephen Curry,34.7,0.14457329352128326,30.0,0.2112676056338028,1041.0,0.26386383510833794,"MAY 07, 2022",GSW vs. MEM,W,0.667,142,0.10836486296094648,0.14570521721880578,0.1768779178538301
5,42100233,Otto Porter Jr.,24.4,0.10165960697173806,13.0,0.09154929577464789,317.2,0.08040116089948587,"MAY 07, 2022",GSW vs. MEM,W,0.667,142,0.10836486296094648,0.14570521721880578,0.1768779178538301
6,42100233,Jordan Poole,31.15,0.12978265398236233,27.0,0.19014084507042253,841.05,0.2131822079902667,"MAY 07, 2022",GSW vs. MEM,W,0.667,142,0.10836486296094648,0.14570521721880578,0.1768779178538301
7,42100233,Kevon Looney,17.016666666666666,0.07089785431567251,6.0,0.04225352112676056,102.1,0.025879440503901348,"MAY 07, 2022",GSW vs. MEM,W,0.667,142,0.10836486296094648,0.14570521721880578,0.1768779178538301
8,42100233,Damion Lee,14.55,0.060620790222901184,0.0,0.0,0.0,0.0,"MAY 07, 2022",GSW vs. MEM,W,0.667,142,0.10836486296094648,0.14570521721880578,0.1768779178538301
9,42100233,Juan Toscano-Anderson,4.716666666666667,0.019651413096312756,0.0,0.0,0.0,0.0,"MAY 07, 2022",GSW vs. MEM,W,0.667,142,0.10836486296094648,0.14570521721880578,0.1768779178538301
10,42100233,Nemanja Bjelica,4.2,0.017498784806610653,0.0,0.0,0.0,0.0,"MAY 07, 2022",GSW vs. MEM,W,0.667,142,0.10836486296094648,0.14570521721880578,0.1768779178538301
11,42100233,Moses Moody,4.2,0.017498784806610653,5.0,0.035211267605633804,21.0,0.005322901572790679,"MAY 07, 2022",GSW vs. MEM,W,0.667,142,0.10836486296094648,0.14570521721880578,0.1768779178538301
0,42100232,Klay Thompson,41.166666666666664,0.17152777777777778,12.0,0.1188118811881188,494.0,0.1495398773006135,"MAY 03, 2022",GSW @ MEM,L,0.5,101,0.1334838638117284,0.1649838251151848,0.20776110093515712
1,42100232,Andrew Wiggins,38.1,0.15875,16.0,0.15841584158415842,609.6,0.18453341943816598,"MAY 03, 2022",GSW @ MEM,L,0.5,101,0.1334838638117284,0.1649838251151848,0.20776110093515712
2,42100232,Draymond Green,32.36666666666667,0.13486111111111113,6.0,0.0594059405940594,194.2,0.05878672909267032,"MAY 03, 2022",GSW @ MEM,L,0.5,101,0.1334838638117284,0.1649838251151848,0.20776110093515712
3,42100232,Gary Payton II,2.8666666666666667,0.011944444444444445,1.0,0.009900990099009901,2.8666666666666667,0.000867775266386826,"MAY 03, 2022",GSW @ MEM,L,0.5,101,0.1334838638117284,0.1649838251151848,0.20776110093515712
4,42100232,Stephen Curry,39.43333333333333,0.16430555555555554,27.0,0.26732673267326734,1064.6999999999998,0.3222977881821117,"MAY 03, 2022",GSW @ MEM,L,0.5,101,0.1334838638117284,0.1649838251151848,0.20776110093515712
5,42100232,Jordan Poole,33.75,0.140625,20.0,0.19801980198019803,675.0,0.2043308040038747,"MAY 03, 2022",GSW @ MEM,L,0.5,101,0.1334838638117284,0.1649838251151848,0.20776110093515712
6,42100232,Kevon Looney,8.933333333333334,0.037222222222222226,4.0,0.039603960396039604,35.733333333333334,0.01081691959961253,"MAY 03, 2022",GSW @ MEM,L,0.5,101,0.1334838638117284,0.1649838251151848,0.20776110093515712
7,42100232,Damion Lee,8.1,0.033749999999999995,2.0,0.019801980198019802,16.2,0.0049039392960929925,"MAY 03, 2022",GSW @ MEM,L,0.5,101,0.1334838638117284,0.1649838251151848,0.20776110093515712
8,42100232,Otto Porter Jr.,21.216666666666665,0.08840277777777777,4.0,0.039603960396039604,84.86666666666666,0.025690184049079752,"MAY 03, 2022",GSW @ MEM,L,0.5,101,0.1334838638117284,0.1649838251151848,0.20776110093515712
9,42100232,Jonathan Kuminga,14.033333333333333,0.058472222222222224,9.0,0.0891089108910891,126.3,0.03823256377139167,"MAY 03, 2022",GSW @ MEM,L,0.5,101,0.1334838638117284,0.1649838251151848,0.20776110093515712
10,42100232,Juan Toscano-Anderson,0.03333333333333333,0.0001388888888888889,0.0,0.0,0.0,0.0,"MAY 03, 2022",GSW @ MEM,L,0.5,101,0.1334838638117284,0.1649838251151848,0.20776110093515712
11,42100232,Nemanja Bjelica,0.0,0.0,0.0,0.0,0.0,0.0,"MAY 03, 2022",GSW @ MEM,L,0.5,101,0.1334838638117284,0.1649838251151848,0.20776110093515712
12,42100232,Moses Moody,0.0,0.0,0.0,0.0,0.0,0.0,"MAY 03, 2022",GSW @ MEM,L,0.5,101,0.1334838638117284,0.1649838251151848,0.20776110093515712
0,42100231,Klay Thompson,30.566666666666666,0.1273522672036664,15.0,0.1282051282051282,458.5,0.12491713058403638,"MAY 01, 2022",GSW @ MEM,W,1.0,117,0.11863908215564642,0.16473080575644677,0.20577087628324614
1,42100231,Andrew Wiggins,34.38333333333333,0.14325394069856262,17.0,0.1452991452991453,584.5166666666667,0.15925004313750418,"MAY 01, 2022",GSW @ MEM,W,1.0,117,0.11863908215564642,0.16473080575644677,0.20577087628324614
2,42100231,Draymond Green,17.016666666666666,0.07089785431567253,6.0,0.05128205128205128,102.1,0.027816879024275057,"MAY 01, 2022",GSW @ MEM,W,1.0,117,0.11863908215564642,0.16473080575644677,0.20577087628324614
3,42100231,Gary Payton II,23.2,0.09665995416984932,8.0,0.06837606837606838,185.6,0.050566236502501964,"MAY 01, 2022",GSW @ MEM,W,1.0,117,0.11863908215564642,0.16473080575644677,0.20577087628324614
4,42100231,Stephen Curry,37.083333333333336,0.15450315950281232,24.0,0.20512820512820512,890.0,0.2424781815044545,"MAY 01, 2022",GSW @ MEM,W,1.0,117,0.11863908215564642,0.16473080575644677,0.20577087628324614
5,42100231,Jordan Poole,37.483333333333334,0.15616971043677524,31.0,0.26495726495726496,1161.9833333333333,0.3165793321406191,"MAY 01, 2022",GSW @ MEM,W,1.0,117,0.11863908215564642,0.16473080575644677,0.20577087628324614
6,42100231,Otto Porter Jr.,22.533333333333335,0.09388236927991113,2.0,0.017094017094017096,45.06666666666667,0.012278295932360392,"MAY 01, 2022",GSW @ MEM,W,1.0,117,0.11863908215564642,0.16473080575644677,0.20577087628324614
7,42100231,Kevon Looney,18.733333333333334,0.0780501354072634,8.0,0.06837606837606838,149.86666666666667,0.04083078292299728,"MAY 01, 2022",GSW @ MEM,W,1.0,117,0.11863908215564642,0.16473080575644677,0.20577087628324614
8,42100231,Damion Lee,3.4833333333333334,0.01451288104992709,0.0,0.0,0.0,0.0,"MAY 01, 2022",GSW @ MEM,W,1.0,117,0.11863908215564642,0.16473080575644677,0.20577087628324614
9,42100231,Jonathan Kuminga,15.466666666666667,0.06443996944656621,6.0,0.05128205128205128,92.8,0.025283118251250982,"MAY 01, 2022",GSW @ MEM,W,1.0,117,0.11863908215564642,0.16473080575644677,0.20577087628324614
10,42100231,Juan Toscano-Anderson,0.06666666666666667,0.0002777584889938199,0.0,0.0,0.0,0.0,"MAY 01, 2022",GSW @ MEM,W,1.0,117,0.11863908215564642,0.16473080575644677,0.20577087628324614
11,42100231,Nemanja Bjelica,0.0,0.0,0.0,0.0,0.0,0.0,"MAY 01, 2022",GSW @ MEM,W,1.0,117,0.11863908215564642,0.16473080575644677,0.20577087628324614
12,42100231,Moses Moody,0.0,0.0,0.0,0.0,0.0,0.0,"MAY 01, 2022",GSW @ MEM,W,1.0,117,0.11863908215564642,0.16473080575644677,0.20577087628324614
0,42100165,Klay Thompson,39.56666666666667,0.1648496632178321,15.0,0.14705882352941177,593.5,0.18646224414458287,"APR 27, 2022",GSW vs. DEN,W,0.8,102,0.12630086520438485,0.1653210303729335,0.20571706456250982
1,42100165,Andrew Wiggins,23.566666666666666,0.09818762585931531,12.0,0.11764705882352941,282.8,0.0888483953565089,"APR 27, 2022",GSW vs. DEN,W,0.8,102,0.12630086520438485,0.1653210303729335,0.20571706456250982
2,42100165,Draymond Green,36.21666666666667,0.15089229914589264,11.0,0.10784313725490197,398.3833333333333,0.12516166868261625,"APR 27, 2022",GSW vs. DEN,W,0.8,102,0.12630086520438485,0.1653210303729335,0.20571706456250982
3,42100165,Jordan Poole,25.666666666666668,0.10693701826262066,8.0,0.0784313725490196,205.33333333333334,0.06451038606743222,"APR 27, 2022",GSW vs. DEN,W,0.8,102,0.12630086520438485,0.1653210303729335,0.20571706456250982
4,42100165,Stephen Curry,37.833333333333336,0.15762794250399279,30.0,0.29411764705882354,1135.0,0.35658744246689394,"APR 27, 2022",GSW vs. DEN,W,0.8,102,0.12630086520438485,0.1653210303729335,0.20571706456250982
5,42100165,Kevon Looney,21.583333333333332,0.08992431081174918,4.0,0.0392156862745098,86.33333333333333,0.027123685051079448,"APR 27, 2022",GSW vs. DEN,W,0.8,102,0.12630086520438485,0.1653210303729335,0.20571706456250982
6,42100165,Otto Porter Jr.,24.35,0.10145128810499271,3.0,0.029411764705882353,73.05000000000001,0.022950407640710668,"APR 27, 2022",GSW vs. DEN,W,0.8,102,0.12630086520438485,0.1653210303729335,0.20571706456250982
7,42100165,Gary Payton II,25.783333333333335,0.10742309561835983,15.0,0.14705882352941177,386.75,0.12150677830314646,"APR 27, 2022",GSW vs. DEN,W,0.8,102,0.12630086520438485,0.1653210303729335,0.20571706456250982
8,42100165,Jonathan Kuminga,5.45,0.022706756475244776,4.0,0.0392156862745098,21.8,0.006848992287029329,"APR 27, 2022",GSW vs. DEN,W,0.8,102,0.12630086520438485,0.1653210303729335,0.20571706456250982
9,42100165,Nemanja Bjelica,0.0,0.0,0.0,0.0,0.0,0.0,"APR 27, 2022",GSW vs. DEN,W,0.8,102,0.12630086520438485,0.1653210303729335,0.20571706456250982
10,42100165,Damion Lee,0.0,0.0,0.0,0.0,0.0,0.0,"APR 27, 2022",GSW vs. DEN,W,0.8,102,0.12630086520438485,0.1653210303729335,0.20571706456250982
11,42100165,Moses Moody,0.0,0.0,0.0,0.0,0.0,0.0,"APR 27, 2022",GSW vs. DEN,W,0.8,102,0.12630086520438485,0.1653210303729335,0.20571706456250982
12,42100165,Juan Toscano-Anderson,0.0,0.0,0.0,0.0,0.0,0.0,"APR 27, 2022",GSW vs. DEN,W,0.8,102,0.12630086520438485,0.1653210303729335,0.20571706456250982
0,42100164,Andrew Wiggins,37.18333333333333,0.15493055555555554,20.0,0.1652892561983471,743.6666666666666,0.1883359995272606,"APR 24, 2022",GSW @ DEN,L,0.75,121,0.12259511959876544,0.19732258725496893,0.2169620488396428
1,42100164,Draymond Green,34.06666666666667,0.14194444444444446,13.0,0.10743801652892562,442.86666666666673,0.1121574222195959,"APR 24, 2022",GSW @ DEN,L,0.75,121,0.12259511959876544,0.19732258725496893,0.2169620488396428
2,42100164,Kevon Looney,11.833333333333334,0.04930555555555556,2.0,0.01652892561983471,23.666666666666668,0.005993660226999329,"APR 24, 2022",GSW @ DEN,L,0.75,121,0.12259511959876544,0.19732258725496893,0.2169620488396428
3,42100164,Klay Thompson,30.7,0.12791666666666665,32.0,0.2644628099173554,982.4,0.24879599184524537,"APR 24, 2022",GSW @ DEN,L,0.75,121,0.12259511959876544,0.19732258725496893,0.2169620488396428
4,42100164,Jordan Poole,38.583333333333336,0.1607638888888889,11.0,0.09090909090909091,424.4166666666667,0.1074848997750267,"APR 24, 2022",GSW @ DEN,L,0.75,121,0.12259511959876544,0.19732258725496893,0.2169620488396428
5,42100164,Stephen Curry,36.833333333333336,0.15347222222222223,33.0,0.2727272727272727,1215.5,0.30782932419370496,"APR 24, 2022",GSW @ DEN,L,0.75,121,0.12259511959876544,0.19732258725496893,0.2169620488396428
6,42100164,Otto Porter Jr.,15.45,0.064375,1.0,0.008264462809917356,15.45,0.003912762697484773,"APR 24, 2022",GSW @ DEN,L,0.75,121,0.12259511959876544,0.19732258725496893,0.2169620488396428
7,42100164,Gary Payton II,6.8,0.028333333333333332,0.0,0.0,0.0,0.0,"APR 24, 2022",GSW @ DEN,L,0.75,121,0.12259511959876544,0.19732258725496893,0.2169620488396428
8,42100164,Nemanja Bjelica,4.833333333333333,0.020138888888888887,0.0,0.0,0.0,0.0,"APR 24, 2022",GSW @ DEN,L,0.75,121,0.12259511959876544,0.19732258725496893,0.2169620488396428
9,42100164,Andre Iguodala,12.533333333333333,0.05222222222222222,0.0,0.0,0.0,0.0,"APR 24, 2022",GSW @ DEN,L,0.75,121,0.12259511959876544,0.19732258725496893,0.2169620488396428
10,42100164,Jonathan Kuminga,11.183333333333334,0.04659722222222222,9.0,0.0743801652892562,100.65,0.02548993951468236,"APR 24, 2022",GSW @ DEN,L,0.75,121,0.12259511959876544,0.19732258725496893,0.2169620488396428
11,42100164,Damion Lee,0.0,0.0,0.0,0.0,0.0,0.0,"APR 24, 2022",GSW @ DEN,L,0.75,121,0.12259511959876544,0.19732258725496893,0.2169620488396428
12,42100164,Moses Moody,0.0,0.0,0.0,0.0,0.0,0.0,"APR 24, 2022",GSW @ DEN,L,0.75,121,0.12259511959876544,0.19732258725496893,0.2169620488396428
13,42100164,Juan Toscano-Anderson,0.0,0.0,0.0,0.0,0.0,0.0,"APR 24, 2022",GSW @ DEN,L,0.75,121,0.12259511959876544,0.19732258725496893,0.2169620488396428
0,42100163,Andrew Wiggins,28.633333333333333,0.11929727102284562,9.0,0.07627118644067797,257.7,0.07226820843830187,"APR 21, 2022",GSW @ DEN,W,1.0,118,0.11716769122938318,0.17437517954610746,0.2065987107233898
1,42100163,Draymond Green,35.4,0.14748975765571834,6.0,0.05084745762711865,212.39999999999998,0.0595644837884956,"APR 21, 2022",GSW @ DEN,W,1.0,118,0.11716769122938318,0.17437517954610746,0.2065987107233898
2,42100163,Kevon Looney,9.066666666666666,0.0377751545031595,0.0,0.0,0.0,0.0,"APR 21, 2022",GSW @ DEN,W,1.0,118,0.11716769122938318,0.17437517954610746,0.2065987107233898
3,42100163,Klay Thompson,37.46666666666667,0.15610027081452676,26.0,0.22033898305084745,974.1333333333334,0.2731814931316691,"APR 21, 2022",GSW @ DEN,W,1.0,118,0.11716769122938318,0.17437517954610746,0.2065987107233898
4,42100163,Jordan Poole,33.766666666666666,0.14068467467536974,27.0,0.2288135593220339,911.6999999999999,0.25567297490570356,"APR 21, 2022",GSW @ DEN,W,1.0,118,0.11716769122938318,0.17437517954610746,0.2065987107233898
5,42100163,Stephen Curry,30.716666666666665,0.1279772238039025,27.0,0.2288135593220339,829.3499999999999,0.23257911784363855,"APR 21, 2022",GSW @ DEN,W,1.0,118,0.11716769122938318,0.17437517954610746,0.2065987107233898
6,42100163,Otto Porter Jr.,21.95,0.09145198250121518,6.0,0.05084745762711865,131.7,0.03693334517394007,"APR 21, 2022",GSW @ DEN,W,1.0,118,0.11716769122938318,0.17437517954610746,0.2065987107233898
7,42100163,Gary Payton II,14.466666666666667,0.06027359211165891,11.0,0.09322033898305085,159.13333333333333,0.04462662360424953,"APR 21, 2022",GSW @ DEN,W,1.0,118,0.11716769122938318,0.17437517954610746,0.2065987107233898
8,42100163,Andre Iguodala,16.333333333333332,0.06805082980348585,4.0,0.03389830508474576,65.33333333333333,0.0183217809518913,"APR 21, 2022",GSW @ DEN,W,1.0,118,0.11716769122938318,0.17437517954610746,0.2065987107233898
9,42100163,Nemanja Bjelica,12.216666666666667,0.05089924310811749,2.0,0.01694915254237288,24.433333333333334,0.006851972162110371,"APR 21, 2022",GSW @ DEN,W,1.0,118,0.11716769122938318,0.17437517954610746,0.2065987107233898
10,42100163,Jonathan Kuminga,0.0,0.0,0.0,0.0,0.0,0.0,"APR 21, 2022",GSW @ DEN,W,1.0,118,0.11716769122938318,0.17437517954610746,0.2065987107233898
11,42100163,Damion Lee,0.0,0.0,0.0,0.0,0.0,0.0,"APR 21, 2022",GSW @ DEN,W,1.0,118,0.11716769122938318,0.17437517954610746,0.2065987107233898
12,42100163,Moses Moody,0.0,0.0,0.0,0.0,0.0,0.0,"APR 21, 2022",GSW @ DEN,W,1.0,118,0.11716769122938318,0.17437517954610746,0.2065987107233898
13,42100163,Juan Toscano-Anderson,0.0,0.0,0.0,0.0,0.0,0.0,"APR 21, 2022",GSW @ DEN,W,1.0,118,0.11716769122938318,0.17437517954610746,0.2065987107233898
0,42100162,Andrew Wiggins,30.683333333333334,0.12785610111813317,13.0,0.10317460317460317,398.8833333333333,0.11717560428692429,"APR 18, 2022",GSW vs. DEN,W,1.0,126,0.1055624088146771,0.17548500881834214,0.20315681813739675
1,42100162,Draymond Green,29.65,0.12355024654489892,6.0,0.047619047619047616,177.89999999999998,0.05225974178576149,"APR 18, 2022",GSW vs. DEN,W,1.0,126,0.1055624088146771,0.17548500881834214,0.20315681813739675
2,42100162,Kevon Looney,11.333333333333334,0.04722550177095631,0.0,0.0,0.0,0.0,"APR 18, 2022",GSW vs. DEN,W,1.0,126,0.1055624088146771,0.17548500881834214,0.20315681813739675
3,42100162,Klay Thompson,35.81666666666667,0.149246475449684,21.0,0.16666666666666666,752.1500000000001,0.2209508981684121,"APR 18, 2022",GSW vs. DEN,W,1.0,126,0.1055624088146771,0.17548500881834214,0.20315681813739675
4,42100162,Jordan Poole,33.68333333333333,0.14035696923397453,29.0,0.23015873015873015,976.8166666666666,0.2869487733110076,"APR 18, 2022",GSW vs. DEN,W,1.0,126,0.1055624088146771,0.17548500881834214,0.20315681813739675
5,42100162,Otto Porter Jr.,22.466666666666665,0.09361761233418985,3.0,0.023809523809523808,67.39999999999999,0.019799362542778663,"APR 18, 2022",GSW vs. DEN,W,1.0,126,0.1055624088146771,0.17548500881834214,0.20315681813739675
6,42100162,Stephen Curry,22.95,0.09563164108618652,34.0,0.2698412698412698,780.3,0.22922021650044797,"APR 18, 2022",GSW vs. DEN,W,1.0,126,0.1055624088146771,0.17548500881834214,0.20315681813739675
7,42100162,Nemanja Bjelica,16.333333333333332,0.06806028196402526,10.0,0.07936507936507936,163.33333333333331,0.04798065106805908,"APR 18, 2022",GSW vs. DEN,W,1.0,126,0.1055624088146771,0.17548500881834214,0.20315681813739675
8,42100162,Gary Payton II,18.0,0.07500520869504826,3.0,0.023809523809523808,54.0,0.015862990761276678,"APR 18, 2022",GSW vs. DEN,W,1.0,126,0.1055624088146771,0.17548500881834214,0.20315681813739675
9,42100162,Juan Toscano-Anderson,4.766666666666667,0.01986249045072574,3.0,0.023809523809523808,14.3,0.004200754960856602,"APR 18, 2022",GSW vs. DEN,W,1.0,126,0.1055624088146771,0.17548500881834214,0.20315681813739675
10,42100162,Damion Lee,4.766666666666667,0.01986249045072574,4.0,0.031746031746031744,19.066666666666666,0.005601006614475468,"APR 18, 2022",GSW vs. DEN,W,1.0,126,0.1055624088146771,0.17548500881834214,0.20315681813739675
11,42100162,Moses Moody,4.766666666666667,0.01986249045072574,0.0,0.0,0.0,0.0,"APR 18, 2022",GSW vs. DEN,W,1.0,126,0.1055624088146771,0.17548500881834214,0.20315681813739675
12,42100162,Jonathan Kuminga,4.766666666666667,0.01986249045072574,0.0,0.0,0.0,0.0,"APR 18, 2022",GSW vs. DEN,W,1.0,126,0.1055624088146771,0.17548500881834214,0.20315681813739675
13,42100162,Andre Iguodala,0.0,0.0,0.0,0.0,0.0,0.0,"APR 18, 2022",GSW vs. DEN,W,1.0,126,0.1055624088146771,0.17548500881834214,0.20315681813739675
0,42100161,Andrew Wiggins,29.483333333333334,0.12284722222222223,16.0,0.13008130081300814,471.73333333333335,0.15498510601016294,"APR 16, 2022",GSW vs. DEN,W,1.0,123,0.0967389274691358,0.13702161411858022,0.17535280614806495
1,42100161,Draymond Green,28.916666666666668,0.12048611111111111,12.0,0.0975609756097561,347.0,0.11400473103206588,"APR 16, 2022",GSW vs. DEN,W,1.0,123,0.0967389274691358,0.13702161411858022,0.17535280614806495
2,42100161,Kevon Looney,13.15,0.05479166666666667,6.0,0.04878048780487805,78.9,0.025922113194322763,"APR 16, 2022",GSW vs. DEN,W,1.0,123,0.0967389274691358,0.13702161411858022,0.17535280614806495
3,42100161,Klay Thompson,29.083333333333332,0.12118055555555556,19.0,0.15447154471544716,552.5833333333333,0.1815478797967408,"APR 16, 2022",GSW vs. DEN,W,1.0,123,0.0967389274691358,0.13702161411858022,0.17535280614806495
4,42100161,Jordan Poole,30.1,0.12541666666666668,30.0,0.24390243902439024,903.0,0.2966751357981426,"APR 16, 2022",GSW vs. DEN,W,1.0,123,0.0967389274691358,0.13702161411858022,0.17535280614806495
5,42100161,Stephen Curry,21.683333333333334,0.09034722222222222,16.0,0.13008130081300814,346.93333333333334,0.11398282810583493,"APR 16, 2022",GSW vs. DEN,W,1.0,123,0.0967389274691358,0.13702161411858022,0.17535280614806495
6,42100161,Otto Porter Jr.,25.083333333333332,0.10451388888888888,4.0,0.032520325203252036,100.33333333333333,0.0329639039775714,"APR 16, 2022",GSW vs. DEN,W,1.0,123,0.0967389274691358,0.13702161411858022,0.17535280614806495
7,42100161,Nemanja Bjelica,14.95,0.06229166666666666,8.0,0.06504065040650407,119.6,0.039293849658314346,"APR 16, 2022",GSW vs. DEN,W,1.0,123,0.0967389274691358,0.13702161411858022,0.17535280614806495
8,42100161,Gary Payton II,19.666666666666668,0.08194444444444444,5.0,0.04065040650406504,98.33333333333334,0.03230681619064307,"APR 16, 2022",GSW vs. DEN,W,1.0,123,0.0967389274691358,0.13702161411858022,0.17535280614806495
9,42100161,Andre Iguodala,13.416666666666666,0.05590277777777777,0.0,0.0,0.0,0.0,"APR 16, 2022",GSW vs. DEN,W,1.0,123,0.0967389274691358,0.13702161411858022,0.17535280614806495
10,42100161,Juan Toscano-Anderson,3.6166666666666667,0.015069444444444444,3.0,0.024390243902439025,10.85,0.0035647012440862096,"APR 16, 2022",GSW vs. DEN,W,1.0,123,0.0967389274691358,0.13702161411858022,0.17535280614806495
11,42100161,Jonathan Kuminga,3.6166666666666667,0.015069444444444444,1.0,0.008130081300813009,3.6166666666666667,0.0011882337480287365,"APR 16, 2022",GSW vs. DEN,W,1.0,123,0.0967389274691358,0.13702161411858022,0.17535280614806495
12,42100161,Damion Lee,3.6166666666666667,0.015069444444444444,2.0,0.016260162601626018,7.233333333333333,0.002376467496057473,"APR 16, 2022",GSW vs. DEN,W,1.0,123,0.0967389274691358,0.13702161411858022,0.17535280614806495
13,42100161,Moses Moody,3.6166666666666667,0.015069444444444444,1.0,0.008130081300813009,3.6166666666666667,0.0011882337480287365,"APR 16, 2022",GSW vs. DEN,W,1.0,123,0.0967389274691358,0.13702161411858022,0.17535280614806495
